date,open,high,close,low,volume,amount,turnover_rate,p_change,review_pc,amplitude,MACD,DIFF,DEM,ema_quick,ema_slow,K,D,J,MACD_d,DIFF_d,DEM_d,K_d
2017-03-20,11.264,11.264,11.264,11.264,111.0,125030.4,0.00991071428571,9.87890625,9.97869318182,0.0,0.326922969345,-0.11264,-0.11264,11.264,11.37664,50.0,50.0,50.0,-0.00980198019802,-1.77806089744,-0.355612179487,0.0
2017-03-21,12.388,12.388,12.388,12.388,50.0,61940.0,0.00446428571429,9.97869318182,10.0339037778,0.0,0.323686108262,0.0896638176638,-0.0721792364672,11.4369230769,11.3472592593,50.0,50.0,50.0,-0.00990099009901,-1.79602110852,-0.359204221704,0.0
2017-03-22,13.631,13.631,13.631,13.631,49.0,66791.9,0.004375,10.0339037778,9.9919301592,0.0,0.528363790709,0.258048132726,-0.00613376262855,11.7744733728,11.5164252401,50.0,50.0,50.0,0.632333848203,1.8779516582,-0.915020400204,0.0
2017-03-23,14.993,14.993,14.993,14.993,50.0,74965.0,0.00446428571429,9.9919301592,10.0113386247,0.0,0.802905250739,0.495682019083,0.0942293937138,12.2696313154,11.7739492963,50.0,50.0,50.0,0.519606878549,0.920889772952,-16.3624128321,0.0
2017-03-24,16.494,16.494,16.494,16.494,118.0,194629.2,0.0105357142857,10.0113386247,10.0036376864,0.0,1.12275538314,0.795951508176,0.234573816606,12.91953419,12.1235826818,50.0,50.0,50.0,0.398365974201,0.605770388139,1.48939112692,0.0
2017-03-27,18.144,18.144,18.144,18.144,118.0,214099.2,0.0105357142857,10.0036376864,10.0308641975,0.0,1.47069571833,1.15375864056,0.418410781398,13.7232981608,12.5695395202,50.0,50.0,50.0,0.309898612304,0.449533833044,0.783706244163,0.0
2017-03-28,19.964,19.964,19.964,19.964,185.0,369334.0,0.0165178571429,10.0308641975,10.008014426,0.0,1.83634883378,1.56612880251,0.647954385621,14.683406136,13.1172773335,50.0,50.0,50.0,0.248625946819,0.357414581743,0.548608244406,0.0
2017-03-29,21.962,21.962,21.962,21.962,121.0,265740.2,0.0108035714286,10.008014426,10.0036426555,0.0,2.2124695141,2.03074783193,0.924513074883,15.8031898074,13.7724419755,50.0,50.0,50.0,0.204819843264,0.296667188978,0.426818145535,0.0
2017-03-30,24.159,24.159,24.159,24.159,470.0,1135473.0,0.0419642857143,10.0036426555,10.0004139244,0.0,2.59579095834,2.54688242385,1.24898694468,17.0886990678,14.541816644,50.0,50.0,50.0,0.173255017438,0.254159863573,0.350967313073,0.0
2017-03-31,26.575,26.575,26.575,26.575,991.0,2633582.5,0.0884821428571,10.0004139244,9.99059266228,0.0,2.98556716249,3.11496642123,1.62218283999,18.5481299804,15.4331635592,50.0,50.0,50.0,0.150157008172,0.223050735308,0.298798876083,0.0
2017-04-05,29.23,29.23,29.23,29.23,2774.0,8108402.0,0.247678571429,9.99059266228,10.0,0.0,3.38265650422,3.73634315512,2.04501490301,20.1914945988,16.4551514437,50.0,50.0,50.0,0.133002984061,0.19948103763,0.260656229744,0.0
2017-04-06,32.153,32.153,32.153,32.153,3006.0,9665191.8,0.268392857143,10.0,9.98662644232,0.0,3.79001000884,4.41377115854,2.51876615412,22.031726199,17.6179550405,50.0,50.0,50.0,0.120424141238,0.181307758761,0.231661515232,0.0
2017-04-07,35.364,35.364,35.364,35.364,1663.0,5881033.2,0.148482142857,9.98662644232,6.52358330506,0.0,4.21056352299,5.15036835599,3.04508659449,24.0828452453,18.9324768893,50.0,50.0,50.0,0.110963694865,0.166886132288,0.208959628711,0.0
2017-04-10,37.78,38.864,37.671,36.458,304739.0,1147982286.9,27.2088392857,6.52358330506,-4.98792174352,6.38687584614,4.49236537509,5.85281495393,3.60663226638,26.1733305922,20.3205156383,50.1385425326,50.0461808442,50.3232659093,0.0669273484555,0.136387642472,0.184410411481,0.00277085065115
2017-04-11,34.4,35.98,35.792,33.903,209876.0,751188179.2,18.7389285714,-4.98792174352,-10.0022351363,5.80297273134,4.12790736385,6.18657436879,4.12262068686,27.6531258857,21.4665515169,63.7418561515,54.6114059466,82.0027565613,-0.0811283101015,0.0570254514262,0.143066545844,0.271314500419
2017-04-12,34.907,34.996,32.212,32.212,151044.0,486542932.8,13.4860714286,-10.0022351363,0.12417732522,8.64274183534,3.15097565341,6.09198047024,4.51649264354,28.3544911341,22.2625106638,42.4945707677,50.572460887,26.3387905291,-0.23666512456,-0.0152901901607,0.0955392180348,-0.333333333333
2017-04-13,31.526,33.664,32.252,31.526,93096.0,300253219.2,8.31214285714,0.12417732522,0.803050973583,6.6290462607,2.29622784362,5.9516350458,4.80352112399,28.9541078827,23.0024728369,39.6487035551,46.931208443,25.0836937793,-0.271264491958,-0.0230377338092,0.0635511896301,-0.066970136682
2017-04-14,31.467,33.763,32.511,30.622,122256.0,397466481.6,10.9157142857,0.803050973583,-9.9996924118,9.66134539079,1.58558839726,5.79451387228,5.00171967365,29.5013220546,23.7068081823,46.4791632955,46.7805267272,45.8764364321,-0.309481242608,-0.0263996653542,0.0412610967126,0.172274478807
2017-04-17,30.622,31.099,29.26,29.26,97568.0,285483968.0,8.71142857143,-9.9996924118,-5.3007518797,6.28503075871,0.550912298634,5.34603986029,5.07058371098,29.4641955846,24.1181557243,30.9861088637,41.5157207727,9.92688504562,-0.652550245963,-0.0773963134563,0.0137680721477,-0.333333333333
2017-04-18,28.743,29.528,27.709,27.619,79193.0,219435883.7,7.07080357143,-5.3007518797,4.16110289076,6.88945829875,-0.416899848784,4.81002130549,5.01847122988,29.1941654947,24.3841441892,22.228909314,35.0867836198,-3.4868392975,-1.75674449421,-0.10026460124,-0.010277412635,-0.282616949039
2017-04-19,27.46,29.11,28.862,27.351,75865.0,218961563.0,6.77366071429,4.16110289076,-3.61721294436,6.09451874437,-0.94599252994,4.42722589867,4.90022216364,29.1430631109,24.7158372122,43.4529662624,37.8755111673,54.6078764526,1.26911219253,-0.0795828921555,-0.0235627665928,0.954795246521
2017-04-20,28.335,28.951,27.818,27.42,59460.0,165405828.0,5.30892857143,-3.61721294436,3.1094974477,5.50363074268,-1.4506271429,3.99358019932,4.71889377077,28.9392072477,24.9456270484,37.6340045059,37.7950089469,37.3119956239,0.533444606584,-0.0979497566356,-0.037004116713,-0.133914028363
2017-04-21,27.848,29.707,28.683,27.758,90197.0,258712055.1,8.05330357143,3.1094974477,-4.74845727434,6.7949656591,-1.66651601913,3.67732125882,4.51057926838,28.899790748,25.2224694892,40.9094150101,38.8331443013,45.0619564277,0.148824511718,-0.0791918340738,-0.04414477471,0.0870332707667
2017-04-24,28.713,28.723,27.321,26.178,70641.0,192998276.1,6.30723214286,-4.74845727434,1.63610409575,9.31517880019,-1.97055295741,3.27898367,4.26426014871,28.6568998637,25.3779161937,42.2434737919,39.9699207981,46.7905797795,0.182438653327,-0.108322760178,-0.0546091987348,0.0326100674261
2017-04-25,27.49,28.186,27.768,27.41,50567.0,140414445.6,4.51491071429,1.63610409575,9.98991645059,2.79458369346,-2.07851767808,2.9651865999,4.00444543895,28.5201460385,25.5549594386,43.5403227341,41.1600547768,48.3008586488,0.0547890480527,-0.0956994915736,-0.0609284379236,0.0306993915463
2017-04-26,27.987,30.542,30.542,27.977,44787.0,136788455.4,3.99883928571,9.98991645059,4.59040010477,8.39827123306,-1.75618367262,2.90683064356,3.78492247987,28.8312004941,25.9243698506,62.3602151561,48.2267749032,90.6270956618,-0.155078789498,-0.0196803655948,-0.0548198152338,0.432240535673
2017-04-27,31.318,32.56,31.944,30.92,166305.0,531244692.0,14.8486607143,4.59040010477,0.995492111195,5.13398447283,-1.35215701476,2.93982434565,3.61590285302,29.3100927258,26.3702683802,62.3864849008,52.9466782358,81.2660982309,-0.230059454576,0.0113504039724,-0.0446560339726,0.000421258083428
2017-04-28,31.447,33.654,32.262,31.318,135794.0,438098602.8,12.1244642857,0.995492111195,2.15733680491,7.24071663257,-1.05338158587,2.95753936186,3.48423015479,29.7642323065,26.8066929446,55.0613095686,53.6515553467,57.8808180123,-0.220962081792,0.00602587574267,-0.0364148882272,-0.117416061249
2017-05-02,31.775,33.137,32.958,31.208,99948.0,329408618.4,8.92392857143,2.15733680491,1.81139632259,5.85290369561,-0.785590866365,2.99323586331,3.3860312965,30.2555811824,27.2623453191,66.9477332496,58.0836146477,84.6759704535,-0.25422005007,0.0120696623402,-0.0281838035758,0.215876152859
2017-05-03,32.809,34.251,33.555,31.845,129957.0,436070713.5,11.6033035714,1.81139632259,-4.59246014007,7.17031738936,-0.562104171396,3.03471618937,3.31576827507,30.7631840774,27.728467888,68.3225952337,61.4966081764,81.9745693485,-0.284482298022,0.0138580212032,-0.0207508481972,0.0205363485422
2017-05-04,33.057,33.057,32.014,31.318,96280.0,308230792.0,8.59642857143,-4.59246014007,-5.59130380459,5.43199850066,-0.649705103914,2.90970258512,3.23455513708,30.9556172963,28.0459147111,58.8893973975,60.6275379168,55.4131163591,0.155844658295,-0.0411944961066,-0.0244930077291,-0.138068494089
2017-05-05,31.347,32.68,30.224,30.125,84219.0,254543505.6,7.51955357143,-5.59130380459,-4.99933827422,8.45354685019,-0.957997936162,2.63580642698,3.11480539506,30.8430607891,28.2072543622,40.5511833922,53.9354197419,13.7827106929,0.47451194456,-0.094132011823,-0.0370220129029,-0.311400945089
2017-05-08,29.429,30.164,28.713,28.633,66013.0,189543126.9,5.89401785714,-4.99933827422,4.05043011876,5.33207954585,-1.35066122846,2.27064212727,2.9459727415,30.5153591293,28.244717002,28.7759032325,45.5489142388,-4.77011877998,0.40987905869,-0.138539877576,-0.0542032750507,-0.290380678803
2017-05-09,28.544,30.373,29.876,28.544,65878.0,196817112.8,5.88196428571,4.05043011876,-4.79314499933,6.12197081269,-1.43124693572,2.05144340668,2.76706687454,30.4169961863,28.3655527796,43.4594959039,44.8524414605,40.6736047907,0.0596638931816,-0.0965360053715,-0.0607289620996,0.510273910525
2017-05-10,29.677,30.323,28.444,28.345,71132.0,202327860.8,6.35107142857,-4.79314499933,9.99859372803,6.95401490648,-1.63995559663,1.74209462665,2.56207242496,30.1134583115,28.3713636848,30.6413491398,40.1154106869,11.6932260456,0.145822957376,-0.150795668563,-0.0740836629083,-0.294944671986
2017-05-11,28.037,31.288,31.288,27.738,106418.0,332960638.4,9.50160714286,9.99859372803,8.32587573511,11.3462030171,-1.36852193834,1.7067462135,2.39100718267,30.2941570328,28.5874108193,53.7608994266,44.6639069335,71.9548844127,-0.165512809522,-0.0202907537895,-0.066768308587,0.754521290209
2017-05-12,32.391,34.42,33.893,32.312,225339.0,763741472.7,20.1195535714,8.32587573511,-0.413064644617,6.21957336323,-0.837759082154,1.86740775632,2.2862872974,30.8478251816,28.9804174253,60.8405996177,50.0561378282,82.4095231967,-0.387836571204,0.0941332352467,-0.043797394683,0.131688648566
2017-05-15,33.555,34.678,33.753,33.097,167383.0,564967839.9,14.9449107143,-0.413064644617,2.74049714099,4.68402808639,-0.520726726688,1.96083309322,2.22119645656,31.2947751537,29.3339420604,54.3913084527,51.501194703,60.171535952,-0.378429028367,0.0500294253252,-0.0284701056206,-0.106003083558
2017-05-16,32.958,34.956,34.678,32.471,162318.0,562886360.4,14.4926785714,2.74049714099,-1.03235480708,7.16592652402,-0.217157402895,2.08547307975,2.1940517812,31.8152712839,29.7297982041,65.865164723,56.2891847097,85.0171247496,-0.582972427254,0.0635648117965,-0.0122207449421,0.210950179297
2017-05-17,34.231,35.941,34.32,33.853,159924.0,548859168.0,14.2789285714,-1.03235480708,-3.38869463869,6.08391608392,-0.101201231818,2.13080101132,2.18140162722,32.2006141633,30.069813152,51.365409943,54.6479264541,44.8003769208,-0.53397291334,0.0217350835172,-0.00576565880787,-0.220142997303
2017-05-18,33.634,34.181,33.157,32.66,109752.0,363904706.4,9.79928571429,-3.38869463869,-2.15942334952,4.58726664053,-0.211431744957,2.04925678663,2.1549726591,32.3477504458,30.2984936592,45.1355636745,51.4771388609,32.4524133016,1.08922106144,-0.0382692819536,-0.0121155901737,-0.121284854447
2017-05-19,32.908,33.803,32.441,31.974,92972.0,301610465.2,8.30107142857,-2.15942334952,-3.55414444684,5.6379273142,-0.400118336984,1.90489869849,2.10495786698,32.3620965311,30.4571978326,38.6014018446,47.1852265222,21.4337524895,0.892423188704,-0.0704441186087,-0.0232090146999,-0.144767480407
2017-05-22,31.864,33.306,31.288,31.208,95836.0,299851676.8,8.55678571429,-3.55414444684,-10.0102275633,6.70544617745,-0.682953103919,1.67811217703,2.01958872899,32.1968509109,30.5187387339,27.0053196918,40.458590912,0.0987772512371,0.706877792872,-0.119054373672,-0.040556221732,-0.300405726184
2017-05-23,30.323,30.602,28.156,28.156,118741.0,334327159.6,10.601875,-10.0102275633,0.248614860065,8.68731353885,-1.26100518221,1.23146049011,1.86196308122,31.57518154,30.3437210499,18.0035464612,32.9735760951,-11.9365128066,0.846400836267,-0.266163188036,-0.0780483895128,-0.333333333333
2017-05-24,27.112,28.405,28.226,26.645,74790.0,211102254.0,6.67767857143,0.248614860065,1.72535959753,6.2353858145,-1.58222890184,0.873070017566,1.66418446849,31.0599228416,30.186852824,41.9455461256,35.9642327719,53.908172833,0.25473624071,-0.291028803135,-0.106220480269,1.32984907813
2017-05-25,27.858,29.031,28.713,27.52,81231.0,233238570.3,7.25276785714,1.72535959753,0.484101278167,5.26242468568,-1.66880835233,0.621179248278,1.45558342444,30.698857789,30.0776785407,54.2818090429,42.0700915289,78.705244071,0.0547199273084,-0.288511533119,-0.125347308542,0.294101854828
2017-05-26,28.494,29.618,28.852,28.047,87503.0,252463655.6,7.81276785714,0.484101278167,-3.61846665742,5.44502980729,-1.6443922251,0.427838283755,1.25003439631,30.4147258215,29.9868875377,53.2682885663,45.8028238747,68.1992179494,-0.0146308754964,-0.311248267,-0.141214185794,-0.0186714572436
2017-05-31,30.025,30.473,27.808,27.709,88193.0,245247094.4,7.874375,-3.61846665742,-10.0115074799,9.93958573072,-1.69893084392,0.188202618858,1.03766804082,30.0136910797,29.8254884608,36.7061142299,42.7705873264,24.5771680368,0.0331664295061,-0.560108045483,-0.169888409565,-0.310919963493
2017-06-01,27.142,27.39,25.024,25.024,100915.0,252529696.0,9.01026785714,-10.0115074799,2.58551790281,9.45492327366,-2.01831102646,-0.22377635072,0.785379162509,29.2460462982,29.4698226489,24.4707428199,36.6706391576,0.0709501446006,0.187988924732,-2.18901826169,-0.243130624037,-0.333333333333
2017-06-02,24.855,25.929,25.671,24.368,65857.0,169061504.7,5.88008928571,2.58551790281,0.46355810058,6.08079155467,-2.04442938518,-0.492389203231,0.529825489361,28.6960391754,29.1884283786,44.1378729626,39.1597170926,54.0941847026,0.0129407006069,1.20036300371,-0.325388914485,0.80369976046
2017-06-05,25.909,26.744,25.79,25.73,55728.0,143722512.0,4.97571428571,0.46355810058,-0.577743311361,3.93175649477,-1.94809953152,-0.687736717839,0.286313047921,28.2489562253,28.9366929432,31.3976352295,36.5723564716,21.0481927454,-0.0471182102751,0.396733952179,-0.459608769925,-0.28864639091
2017-06-06,25.283,25.81,25.641,25.183,36821.0,94412726.1,3.28758928571,-0.577743311361,4.3797043797,2.4453024453,-1.80983743557,-0.844835349309,0.0600833684753,27.8477321907,28.69256754,45.2805074842,39.4750734758,56.8913755011,-0.0709728089943,0.228428448554,-0.79014799042,0.442162989449
2017-06-07,25.68,27.013,26.764,25.661,66013.0,176677193.2,5.89401785714,4.3797043797,-1.30025407263,5.05156179943,-1.48606382769,-0.86870652383,-0.125674609986,27.6810041613,28.5497106852,57.3812850684,45.4438106733,81.2562338585,-0.178896513862,0.0282554163255,-3.09167051007,0.267240326058
2017-06-08,26.496,27.043,26.416,26.307,53525.0,141391640.0,4.77901785714,-1.30025407263,0.67761962447,2.78619018776,-1.24735247251,-0.905269905306,-0.28159366905,27.4863881365,28.3916580418,43.1907842485,44.692801865,40.1867490154,-0.160633312465,0.0420894519298,1.2406567968,-0.247301899966
2017-06-09,26.347,26.625,26.595,25.999,38860.0,103348170.0,3.46964285714,0.67761962447,-7.36228614401,2.35382590713,-1.00436334683,-0.909320760817,-0.407139087403,27.3492515001,28.258572261,60.5297454095,49.9717830465,81.6456701355,-0.19480389949,0.00447474889868,0.445838923784,0.401450482151
2017-06-12,26.158,26.168,24.637,24.428,60084.0,148028950.8,5.36464285714,-7.36228614401,4.72054227382,7.06254819986,-1.04189843688,-1.05832561045,-0.537376392013,26.9319820386,27.990307649,44.356995024,48.100187039,36.8706109939,0.0373720229552,0.163863903759,0.319884060852,-0.267186823208
2017-06-13,24.438,26.168,25.8,24.438,58848.0,151827840.0,5.25428571429,4.72054227382,10.019379845,6.70542635659,-0.852568464415,-1.07023168227,-0.643947450065,26.7578309557,27.828062638,55.8141045825,50.6714928868,66.0993279737,-0.18171634179,0.0112499137324,0.198317342622,0.258293185828
2017-06-14,26.446,28.385,28.385,26.446,49267.0,139844379.5,4.39883928571,10.019379845,2.42381539546,6.83107274969,-0.347528243992,-0.86115260256,-0.687388480564,27.0081646548,27.8693172574,70.5427363883,57.2952407207,97.0377277236,-0.592374972219,-0.195358708937,0.0674605210326,0.263887272152
2017-06-15,29.541,29.86,29.073,28.395,151486.0,440415247.8,13.5255357143,2.42381539546,-1.09723798714,5.03903965879,0.0875858712731,-0.632647311018,-0.676440246655,27.325831631,27.958478942,62.4551120859,59.0151978424,69.334940573,-1.25202518871,-0.26534819829,-0.0159272874345,-0.114648576401
2017-06-16,29.402,29.621,28.754,27.916,113683.0,326884098.2,10.1502678571,-1.09723798714,-1.52674410517,5.92960979342,0.327333856759,-0.471856586181,-0.63552351456,27.5455498416,28.0174064278,58.0199280964,58.6834412604,56.6929017684,2.73729063833,-0.254155391222,-0.0604883170349,-0.0710139465196
2017-06-19,28.464,28.714,28.315,27.816,63240.0,179064060.0,5.64642857143,-1.52674410517,0.773441638707,3.1714638884,0.415999852017,-0.375523607049,-0.583523533058,27.6639267891,28.0394503961,57.2025949744,58.1898258318,55.2281332598,0.270873279459,-0.204157326511,-0.081822277714,-0.0140871102185
2017-06-20,28.514,29.252,28.534,27.996,75427.0,215223401.8,6.73455357143,0.773441638707,0.907689072685,4.40176631387,0.488358462534,-0.278299493975,-0.522478725241,27.7977842061,28.0760837001,52.4131949511,56.2642822049,44.7110204436,0.173939029463,-0.258902799318,-0.104614131836,-0.0837269712234
2017-06-21,28.115,29.142,28.793,27.717,66297.0,190888952.1,5.919375,0.907689072685,-6.64744903275,4.94911957768,0.550695107675,-0.178294282945,-0.453641836782,27.9508943283,28.1291886112,60.1117206107,57.5467616735,65.2416384851,0.127645264541,-0.359343847887,-0.131750605592,0.146881442102
2017-06-22,28.534,28.773,26.879,26.829,63727.0,171291803.3,5.68991071429,-6.64744903275,10.0152535437,7.23241192009,0.324875676636,-0.250594538885,-0.413032377203,27.7859875085,28.0365820474,40.9318192274,52.0084475248,18.7785626327,-0.4100625335,0.405510792304,-0.0895187707279,-0.319070909773
2017-06-23,27.647,29.571,29.571,27.647,211818.0,626367007.8,18.9123214286,10.0152535437,10.0131885969,6.50637448852,0.517431288987,-0.0896378215856,-0.348353466079,28.0606048149,28.1502426365,60.6212128183,54.8793692893,72.1048998763,0.592705536917,-0.642299381365,-0.156595256676,0.481029037128
2017-06-26,29.86,32.532,32.532,29.561,211683.0,688647135.6,18.9002678571,10.0131885969,3.73785810894,9.13254641584,0.995276762443,0.273694510448,-0.223943870774,28.7485117665,28.474817256,73.7474752122,61.1687379303,98.9049497761,0.923495512594,-4.05333737039,-0.357136091412,0.21652919471
2017-06-27,33.589,34.227,33.748,31.585,271435.0,916038838.0,24.2352678571,3.73785810894,-3.95578997274,7.8286120659,1.40189486075,0.652240417192,-0.0487070131807,29.5176638024,28.8654233852,76.4549153446,66.2641304017,96.8364852304,0.408547766457,1.38309645351,-0.782503477267,0.036712309467
2017-06-28,32.901,33.549,32.413,31.755,174915.0,566951989.5,15.6174107143,-3.95578997274,2.18122358313,5.53481627742,1.41376050483,0.834893302337,0.128013049923,29.9631001405,29.1282068382,63.195881876,65.2413808931,59.1048838416,0.00846400426699,0.280039200777,-3.62822623609,-0.17342290432
2017-06-29,32.532,34.785,33.12,32.153,210803.0,698179536.0,18.8216964286,2.18122358313,1.02355072464,7.94685990338,1.43499003443,1.02488182144,0.307386804227,30.448777042,29.4238952205,54.3772951108,61.6200189657,39.8918474011,0.0150163549827,0.227560238623,1.40121459813,-0.139543693408
2017-06-30,32.323,34.407,33.459,31.804,181913.0,608662706.7,16.2422321429,1.02355072464,-1.33895215039,7.77967064168,1.41073534592,1.18909639542,0.483728722466,30.9118882663,29.7227918708,57.4450247595,60.2283542303,51.8783658179,-0.0169023393416,0.160227814122,0.573680834098,0.0564156352836
2017-07-03,32.901,33.18,33.011,32.153,119318.0,393880649.8,10.6533928571,-1.33895215039,2.35376086759,3.11108418406,1.25557914745,1.26846568962,0.640676115897,31.234828533,29.9663628434,66.1447844388,62.2004976331,74.0333580502,-0.109982498784,0.0667475694178,0.324453327127,0.151444963524
2017-07-04,32.891,34.646,33.788,32.403,169565.0,572926222.0,15.1397321429,2.35376086759,10.0035515568,6.63845152125,1.18000152033,1.37817706611,0.788176305939,31.6276241433,30.2494470772,64.6790760875,63.0266904512,67.9838473599,-0.0601934392337,0.086491402473,0.230225829217,-0.0221590918134
2017-07-05,33.788,37.168,37.168,33.778,207612.0,771652281.6,18.5367857143,10.0035515568,0.965884631941,9.12074903142,1.48780939983,1.71805718083,0.974152480918,32.4799896597,30.7619324789,76.4527173916,67.5020327647,94.3540866455,0.260853799076,0.24661570932,0.235957581543,0.182031686542
2017-07-06,36.69,39.262,37.527,35.673,252246.0,946603564.2,22.5219642857,0.965884631941,0.636874783489,9.56378074453,1.63080274642,1.99340419743,1.17800282422,33.256452789,31.2630485916,68.1877593979,67.7306083091,69.1020615755,0.0961099900358,0.160266503159,0.20925917379,-0.108105483699
2017-07-07,36.889,39.74,37.766,36.401,221819.0,837721635.4,19.8052678571,0.636874783489,-5.20044484457,8.84128581264,1.64396442061,2.2054805871,1.3834983768,33.950229283,31.7447486959,59.0853406468,64.8488524217,47.5583170971,0.00807067207877,0.106389055439,0.174444023691,-0.133490509608
2017-07-10,36.959,37.687,35.802,35.005,174167.0,623552693.4,15.550625,-5.20044484457,-4.79023518239,7.49120160885,1.29013260686,2.18983125608,1.54476495265,34.2351170856,32.0452858295,49.2957702249,59.6644916894,28.5583272959,-0.215230822103,-0.00709565575544,0.116564340488,-0.16568526668
2017-07-11,35.503,36.361,34.087,33.499,136172.0,464169496.4,12.1582142857,-4.79023518239,1.95969137794,8.39616276,0.753665556458,2.01580592544,1.63897314721,34.2123298417,32.1965239162,39.7122046084,53.0137293291,13.1091551669,-0.415823185576,-0.0794697446017,0.0609854556808,-0.194409491379
2017-07-12,34.755,34.845,34.755,33.489,107805.0,374676277.5,9.62544642857,1.95969137794,-4.27276650842,3.90159689253,0.433285996719,1.90977689516,1.6931338968,34.2958175583,32.3860406632,57.595747025,54.5410685611,63.705103953,-0.425095132707,-0.0525988285587,0.0330455381054,0.450328622978
2017-07-13,34.696,34.785,33.27,32.911,109733.0,365081691.0,9.79758928571,-4.27276650842,-3.32732191163,5.63270213405,-0.0106456910924,1.68648033987,1.69180318541,34.1379994724,32.4515191326,44.7827925738,51.2883098986,31.7717579241,-1.02456966339,-0.116922848872,-0.000785945747744,-0.222463551791
2017-07-14,32.722,33.22,32.163,31.784,98534.0,316914904.2,8.79767857143,-3.32732191163,-10.011503902,4.46475764077,-0.46047540901,1.40400605478,1.63424375929,33.8341533998,32.430147345,38.6527809359,47.0764669111,21.8054089856,42.2546280944,-0.167493375646,-0.0340225308845,-0.136883192976
2017-07-17,31.974,32.103,28.943,28.943,110265.0,319139989.5,9.84508928571,-10.011503902,9.98859827938,10.9180112635,-1.1590650115,0.909828127098,1.48936063285,33.0816682613,32.1718401342,25.7685206239,39.9738181487,-2.64207442555,1.51710512402,-0.351977063063,-0.088654538599,-0.333333333333
2017-07-18,28.405,31.834,31.834,28.225,107060.0,340814804.0,9.55892857143,9.98859827938,4.38524847647,11.3369353521,-1.19433003825,0.742904358945,1.34006937807,32.889719298,32.1468149391,50.5123470826,43.4866611267,64.5637189946,0.0304254087514,-0.18346736398,-0.10023848589,0.960234652962
2017-07-19,31.396,34.885,33.23,30.917,171016.0,568286168.0,15.2692857143,4.38524847647,3.24104724646,11.9410171532,-1.00008011574,0.715019305731,1.2150593636,32.9420701753,32.2270508695,53.1053416035,46.6928879523,65.9302489059,-0.162643420401,-0.0375351858928,-0.0932862257085,0.051333875193
2017-07-20,32.502,35.683,34.307,32.403,164321.0,563736054.7,14.6715178571,3.24104724646,-3.8068032763,9.56073104614,-0.710593856042,0.770938203576,1.1262351316,33.1520593791,32.3811211755,54.7531545649,49.3796434898,65.5001767151,-0.289463069151,0.0782061370876,-0.073102792066,0.0310291377795
2017-07-21,33.988,34.476,33.001,32.751,105968.0,349704996.8,9.46142857143,-3.8068032763,9.2148722766,5.22711432987,-0.679126051931,0.701781349139,1.0413443751,33.1288194746,32.4270381255,41.3330209177,46.6974359658,30.6041908215,-0.044283811129,-0.0897047962022,-0.0753756956339,-0.245102474074
2017-07-24,32.482,36.271,36.042,32.482,170916.0,616015447.2,15.2603571429,9.2148722766,-1.74518617169,10.5127351423,-0.254650176549,0.882188014762,1.00951310304,33.5770010939,32.6948130791,58.8740769345,50.7563162887,75.1095982261,-0.625032531406,0.257069621248,-0.0305674787608,0.424383595183
2017-07-25,35.274,35.892,35.413,34.397,141685.0,501749090.5,12.6504464286,-1.74518617169,0.0,4.22161353175,-0.0739374358849,0.963302205608,1.00027092355,33.8594624641,32.8961602585,61.9026733632,54.4717686469,76.764482796,-0.709650953764,0.0919466026394,-0.00915508620722,0.0514419348286
2017-07-26,34.895,37.069,35.413,34.745,156004.0,552456965.2,13.9289285714,0.0,-3.65967300144,6.5625617711,0.0249671733905,1.01587540692,1.00339182022,34.0984682388,33.0825928319,50.8496307792,53.2643893576,46.0201136222,-1.33767973005,0.0545760209055,0.00312005137842,-0.178555173526
2017-07-27,34.895,34.995,34.117,33.459,109796.0,374591013.2,9.80321428571,-3.65967300144,6.43081161884,4.5021543512,-0.0980610021058,0.942103693908,0.991134194961,34.101319279,33.1592155851,48.1792677417,51.569348819,41.399105587,-4.92759727231,-0.0726188590736,-0.0122161901424,-0.0525148953213
2017-07-28,34.078,37.108,36.311,34.078,185076.0,672029463.6,16.5246428571,6.43081161884,2.05998182369,8.34457877778,0.0919277870161,1.04858906185,1.00262516834,34.4412701592,33.3926810973,56.6849683734,53.2745553371,63.505794446,-1.9374551049,0.11302934977,0.0115937614053,0.176542754393
2017-07-31,34.895,37.687,37.059,34.616,174399.0,646305254.1,15.5713392857,2.05998182369,-2.09935508244,8.28678593594,0.283379813365,1.17973755169,1.03804764501,34.843997827,33.6642602753,64.3068572397,56.9519893047,79.0165931099,2.08263499604,0.125071388418,0.0353297301815,0.13446049429
2017-08-01,36.57,36.849,36.281,35.463,107187.0,388885154.7,9.57026785714,-2.09935508244,0.165375816543,3.82018136215,0.270295346991,1.20698223688,1.07183456338,35.0650750844,33.8580928475,62.5441578327,58.8160454807,70.0003825368,-0.0461728950225,0.023093852652,0.0325485236986,-0.0274107534196
2017-08-02,36.889,38.564,36.341,36.271,199442.0,724792172.2,17.8073214286,0.165375816543,-5.65201838144,6.30967777441,0.236039625644,1.21935932941,1.10133951659,35.2613712252,34.0420118958,42.7136949878,53.4485953164,21.2438943306,-0.126734410073,0.0102545772044,0.0275275254349,-0.317063392203
2017-08-03,34.905,35.224,34.287,33.679,145768.0,499794741.6,13.015,-5.65201838144,-5.69895295593,4.50608102196,-0.0800491513192,1.05130879701,1.09133337267,35.1114679598,34.0601591628,41.5933802615,49.4968569648,25.7864268551,-1.3391343767,-0.137818712125,-0.00908543075426,-0.0262284666911
2017-08-04,33.898,34.775,32.333,32.243,120958.0,391093501.4,10.7998214286,-5.69895295593,1.72579098754,7.8310085671,-0.543269550558,0.751789903575,1.02342467885,34.6840113506,33.932221447,28.9137542976,42.6358227424,1.469617408,5.78669969144,-0.284900967527,-0.0622254349772,-0.304847210884
2017-08-07,32.323,33.27,32.891,32.323,57184.0,188083894.4,5.10571428571,1.72579098754,-1.87893344684,2.87920707792,-0.752568257244,0.553069518076,0.929353646698,34.4081634505,33.8550939324,39.2687964237,41.5134806361,34.7794279987,0.385257569601,-0.264329681143,-0.0919178852135,0.358135509471
2017-08-08,32.732,32.732,32.273,31.784,67919.0,219194988.7,6.06419642857,-1.87893344684,0.585628853841,2.9374399653,-0.940125872277,0.341774976525,0.811837912663,34.0796767658,33.7379017893,43.3732904428,42.1334172383,45.8530368516,0.249223393662,-0.382039752048,-0.126448886764,0.104523041013
2017-08-09,32.133,32.682,32.462,31.904,43196.0,140222855.2,3.85678571429,0.585628853841,-1.93456965067,2.39664838889,-0.99908006572,0.187412871588,0.686952904448,33.8308034172,33.6433905456,52.8229819747,45.6966054838,67.0757349565,0.0627088299356,-0.4516483521,-0.153829977964,0.217868910462
2017-08-10,32.452,32.881,31.834,31.804,49285.0,156893869.0,4.40044642857,-1.93456965067,-1.690016963,3.38317522146,-1.07633860685,0.0142412751671,0.552410578592,33.5236028915,33.5093616163,36.1438264232,42.512345797,23.4067876758,0.0773296793529,-0.924011221607,-0.195853784131,-0.315755660281
2017-08-11,31.057,32.034,31.296,31.007,48590.0,152067264.0,4.33839285714,-1.690016963,3.28156952965,3.28156952965,-1.14707956521,-0.164514149666,0.40902563294,33.1808947544,33.345408904,33.4759556876,39.5002157605,21.4274355417,0.0657237024791,-12.5519254937,-0.25956227344,-0.0738126258259
2017-08-14,31.645,32.482,32.323,31.515,48550.0,156928165.0,4.33482142857,3.28156952965,6.01429322773,2.99167775268,-1.00766335693,-0.220763965138,0.283067713325,33.048910946,33.2696749111,50.1697684591,43.0567333267,64.3958387238,-0.121540137682,0.341914756789,-0.307946273954,0.498680692713
2017-08-15,32.482,34.576,34.267,31.934,125906.0,431442090.2,11.2416071429,6.01429322773,-4.91726734176,7.71004173111,-0.624494871952,-0.107241581645,0.205005854331,33.236309262,33.3435508436,62.8812839437,49.6649168657,89.3140180997,-0.380254459329,-0.514225151834,-0.275770973938,0.253370024919
2017-08-16,33.429,33.888,32.582,31.007,93456.0,304498339.2,8.34428571429,-4.91726734176,-0.88699281812,8.84230556749,-0.570398761211,-0.151493371426,0.133706009179,33.1356462986,33.28713967,60.1436952544,53.1578429952,74.1153997726,-0.0866237869535,0.412636489519,-0.347794190483,-0.0435358268411
2017-08-17,32.403,32.871,32.293,31.904,56118.0,181221857.4,5.01053571429,-0.88699281812,-0.340631096522,2.99445700307,-0.545915675425,-0.207491287961,0.0654665497513,33.0060084065,33.2134996945,53.5049660882,53.2735506929,53.9677968789,-0.0429227541333,0.369639384274,-0.510369428023,-0.110381132022
2017-08-18,31.934,32.602,32.183,31.725,35871.0,115443639.3,3.20276785714,-0.340631096522,1.2708572849,2.7250411708,-0.517185927898,-0.257774655185,0.000818308764104,32.8793917286,33.1371663838,53.0778071147,53.2083028335,52.8168156771,-0.0526267129172,0.242339655402,-0.987500352971,-0.00798353881457
2017-08-21,32.014,32.901,32.592,31.974,45876.0,149519059.2,4.09607142857,1.2708572849,0.733308787433,2.8442562592,-0.419879009512,-0.261606072181,-0.0516665674249,32.8351776165,33.0967836887,57.6074269653,54.6746775441,63.4729258078,-0.188146879365,0.0148634356373,-64.1382305693,0.085339242461
2017-08-22,32.283,33.449,32.831,31.864,90007.0,295501981.7,8.03633928571,0.733308787433,3.85611160184,4.82775425665,-0.30543125495,-0.242561101769,-0.0898454742937,32.8345349063,33.077096008,58.7414392177,56.0302647686,64.1637881158,-0.27257317458,-0.072800184849,0.738948003933,0.0196851745007
2017-08-23,32.403,35.124,34.097,32.243,144536.0,492824399.2,12.905,3.85611160184,-4.9388509253,8.44942370297,-0.0544618756614,-0.123884146582,-0.0966532087513,33.0287603053,33.1526444519,60.6118445878,57.5574580417,66.72061768,-0.821688596767,-0.489266227442,0.0757715901797,0.0318413269238
2017-08-24,32.901,33.27,32.413,31.984,106266.0,344439985.8,9.48803571429,-4.9388509253,0.0,3.96754388671,-0.107479703321,-0.163828023327,-0.110088171666,32.9340279506,33.097855974,51.5276475583,55.5475212139,43.487900247,0.973485158476,0.32242928451,0.139001726778,-0.149874947567
2017-08-25,32.034,32.702,32.413,31.914,58269.0,188867309.7,5.20258928571,0.0,3.04507450714,2.43112331472,-0.133068681227,-0.193256097433,-0.12672175682,32.8538698044,33.0471259018,55.460056071,55.5183661663,55.3434358805,0.238081955161,0.179627840886,0.151093300049,0.0763164766697
2017-08-28,32.422,33.669,33.4,32.233,92798.0,309945320.0,8.28553571429,3.04507450714,3.40119760479,4.2994011976,-0.013845012171,-0.135374889427,-0.128452383341,32.9378898345,33.0732647239,64.0625072043,58.3664131789,75.4546952549,-0.895955892527,-0.299505209799,0.0136569012678,0.155110754346
2017-08-29,33.071,35.593,34.536,32.642,175487.0,606061903.2,15.6684821429,3.40119760479,-0.952629140607,8.54470697243,0.208943736176,0.0021374517687,-0.102334416319,33.1837529369,33.1816154851,64.1022159177,60.2783474252,71.7499529028,-16.0916253157,-1.0157891303,-0.203328006399,0.000619843262345
2017-08-30,33.958,34.337,34.207,33.499,91081.0,311560776.7,8.13223214286,-0.952629140607,9.99795363522,2.44979097845,0.297504135478,0.0836056683546,-0.0651463993844,33.341175562,33.2575698936,70.8971017813,63.8179322105,85.0554409227,0.423848069931,38.1146455694,-0.36339697115,0.106000795234
2017-08-31,34.207,37.627,37.627,34.097,187803.0,706646348.1,16.768125,9.99795363522,1.82847423393,9.38156111303,0.775117094765,0.419301784844,0.0317432374612,34.0005331678,33.581231383,80.5980678542,69.4113107584,102.971582046,1.60539939561,4.01523153987,-1.48726004447,0.136831631042
2017-09-01,38.883,39.86,38.315,37.138,256294.0,981990461.0,22.8833928571,1.82847423393,0.780373221976,7.10426725825,1.12107703716,0.732416385685,0.171877867106,34.6642972958,33.9318809102,68.1454667399,68.9893627522,66.4576747152,0.446332489283,0.746752368244,4.41462940936,-0.154502476868
2017-09-04,37.587,41.376,38.614,37.218,201270.0,777183978.0,17.9705357143,0.780373221976,-3.74475578806,10.7681151914,1.31417832346,0.99323931927,0.336150157539,35.2719438657,34.2787045464,56.6215890179,64.8667715075,40.1312240387,0.172246223859,0.356112914298,0.955750110232,-0.169107033429
2017-09-05,38.474,38.474,37.168,35.912,137414.0,510740355.2,12.2691071429,-3.74475578806,10.0059190702,6.89302625915,1.17562915203,1.07091837756,0.483103801543,35.5636448095,34.4927264319,54.0891259599,61.2742229916,39.7189318964,-0.105426462268,0.0782077962284,0.437166667063,-0.0447261036281
2017-09-06,36.44,40.887,40.887,36.44,168748.0,689959947.6,15.0667857143,10.0059190702,9.90045735808,10.876317656,1.49302784593,1.41624620525,0.669732282283,36.3826225311,34.9663763258,69.3927506399,63.9803988744,80.217454171,0.269981986537,0.32245952159,0.386311347882,0.282933480777
2017-09-07,42.871,44.975,44.935,42.383,265946.0,1195028351.0,23.7451785714,9.90045735808,-5.32547012351,5.76833203516,2.11815637495,1.99358001662,0.934501829152,37.6983729109,35.7047928943,79.0807638011,69.0138538499,99.2145837034,0.418698506343,0.407650738437,0.395336396157,0.139611314897
2017-09-08,43.569,44.327,42.542,40.678,240968.0,1025126065.6,21.515,-5.32547012351,-0.679328663438,8.57740585774,2.0764668803,2.23229362934,1.19406018919,38.4435463092,36.2112526799,69.7480053184,69.2585710061,70.726873943,-0.0196819720872,0.119741174532,0.277750510422,-0.118015532907
2017-09-11,42.273,42.462,42.253,40.648,139753.0,590498350.9,12.4779464286,-0.679328663438,-2.45426360258,4.29318628263,1.88282624032,2.37082658939,1.42941346923,39.0296161078,36.6587895184,75.9915037293,71.5028819138,84.9687473604,-0.0932548656621,0.062058574299,0.197103363944,0.0895150819362
2017-09-12,42.063,43.679,41.216,41.057,191101.0,787641881.6,17.0625892857,-2.45426360258,-2.00650232919,6.36160714286,1.50433396164,2.36962219525,1.61745521443,39.3659828605,36.9963606652,52.6823602284,65.2293746854,27.5883313145,-0.201023477675,-0.000508006002887,0.131551681338,-0.306733547265
2017-09-13,39.88,40.428,40.389,38.714,111868.0,451823665.2,9.98821428571,-2.00650232919,-1.21072569264,4.24372972839,1.05319618506,2.2757028301,1.74910473757,39.5233701127,37.2476672826,67.6964470757,66.0517321488,70.9858769294,-0.299892037327,-0.0396347423412,0.0813929943518,0.284992676527
2017-09-14,39.88,41.366,39.9,39.691,86484.0,345071160.0,7.72178571429,-1.21072569264,-1.52380952381,4.19799498747,0.620915299101,2.1371767995,1.82671914995,39.5813131723,37.4441363728,49.2901686972,60.4645443316,26.9414174284,-0.410446687988,-0.0608717574019,0.0443737934731,-0.271894304259
2017-09-15,39.641,40.398,39.292,38.385,71019.0,279047854.8,6.34098214286,-1.52380952381,3.60378703044,5.12318029115,0.206510629659,1.95578829349,1.85253297866,39.5368034535,37.58101516,47.8791553527,56.269414672,31.0986367142,-0.667409339152,-0.0848729529799,0.0141312520362,-0.0286266690052
2017-09-18,39.202,41.246,40.708,38.903,87734.0,357147567.2,7.83339285714,3.60378703044,3.35314925813,5.75562542989,0.0828974275886,1.9043438709,1.86289515711,39.7169875375,37.8126436666,57.598765398,56.7125315807,59.3712330328,-0.59858033591,-0.0263036765061,0.00559351901852,0.203002955539
2017-09-19,40.568,42.682,42.073,39.89,119483.0,502700825.9,10.668125,3.35314925813,0.095072849571,6.63608490005,0.141328350299,1.95122537605,1.8805612009,40.0794509933,38.1282256173,64.4617366264,59.2955999292,74.7940100207,0.704858092832,0.0246181931001,0.0094831121977,0.119151359945
2017-09-20,41.376,42.263,42.113,41.076,74964.0,315695893.2,6.69321428571,0.095072849571,-1.86878161138,2.81860708095,0.141359033106,1.96891059659,1.89823108004,40.3923046866,38.4233940901,72.0955245018,63.5622414534,89.1620905986,0.000217102984433,0.00906364828926,0.00939606705159,0.11842355287
2017-09-21,41.685,43.27,41.326,41.266,90531.0,374128410.6,8.083125,-1.86878161138,-3.23283163142,4.84924744713,-0.0010926332869,1.89754818423,1.89809450087,40.5359501195,38.6384019352,49.0616869932,58.7287233,29.7276143797,-1.00772949038,-0.0362446179532,-7.19507557844e-05,-0.319490532426
2017-09-22,40.05,40.867,39.99,39.182,62704.0,250753296.0,5.59857142857,-3.23283163142,-2.54313578395,4.21355338835,-0.295451228613,1.71343748299,1.8611630973,40.4519577934,38.7385203104,48.6919654139,55.383137338,35.3096215657,269.402917572,-0.0970255737218,-0.0194570942383,-0.00753585133344
2017-09-25,40.139,40.668,38.973,38.883,48069.0,187339313.7,4.291875,-2.54313578395,4.57752803223,4.58009391117,-0.628202317468,1.46853664888,1.78263780761,40.2244258252,38.7558891763,34.1419825448,48.3027524069,5.82044282063,1.1262470981,-0.142929541662,-0.0421915144339,-0.298816914564
2017-09-26,38.883,40.897,40.757,38.883,59397.0,242084352.9,5.30330357143,4.57752803223,0.736069877567,4.94148244473,-0.608635362697,1.40224070593,1.70655838728,40.3063603136,38.9041196077,53.7775414913,50.1276821017,61.0772602705,-0.031147536752,-0.0451442209509,-0.0426780022348,0.575114784875
2017-09-27,40.398,42.133,41.057,39.93,71753.0,294596292.1,6.40651785714,0.736069877567,-3.08595367416,5.36571108459,-0.557291638923,1.35825111295,1.63689693241,40.4218433423,39.0635922293,52.9041984885,51.053187564,56.6062203376,-0.0843587588248,-0.0313709285377,-0.0408198485236,-0.0162399205796
2017-09-28,40.698,41.565,39.79,39.76,54575.0,217153925.0,4.87276785714,-3.08595367416,0.678562452878,4.5363156572,-0.687456752829,1.20723646189,1.55096483831,40.3246366742,39.1174002124,35.8234822795,45.9766191358,15.5172085669,0.233567318823,-0.111183160181,-0.0524969485873,-0.322861260486
2017-09-29,39.541,40.179,40.06,39.461,31943.0,127963658.0,2.85205357143,0.678562452878,-0.374438342486,1.7923115327,-0.72682226785,1.0967009209,1.46011205483,40.2839233397,39.1872224188,51.6910494677,47.8814292465,59.3102899101,0.0572625330381,-0.091560803936,-0.0585782354553,0.442937597868
2017-10-09,40.558,40.957,39.91,39.74,30495.0,121705545.0,2.72276785714,-0.374438342486,4.89601603608,3.04936106239,-0.759163010662,0.985635173163,1.36521667849,40.2263966721,39.2407614989,39.1169582044,44.9599388991,27.430996815,0.0444960814257,-0.101272594581,-0.0649918449882,-0.243254710298
2017-10-10,39.95,41.874,41.864,39.8,72191.0,302220402.4,6.445625,4.89601603608,-3.73829543283,4.95413720619,-0.515130391759,1.04326018364,1.30082537952,40.4783356456,39.435075462,59.2505854439,49.7234877474,78.304780837,-0.32144956416,0.058464847898,-0.0471656257825,0.51470329401
2017-10-11,41.715,41.734,40.299,39.94,55283.0,222784961.7,4.93598214286,-3.73829543283,-1.58316583538,4.45172336783,-0.558639528687,0.951675674095,1.23099543844,40.4507455463,39.4990698722,46.1707730533,48.539249516,41.4338201278,0.0844623761757,-0.0877868349485,-0.0536812566737,-0.220754146016
2017-10-12,40.069,40.757,39.661,39.212,36966.0,146610852.6,3.30053571429,-1.58316583538,1.58341948009,3.89551448526,-0.660502245503,0.818181534999,1.14843265775,40.3292462315,39.5110646965,40.4676782599,45.848725764,29.7055832517,0.182340689452,-0.140272723922,-0.0670699322758,-0.123521752317
2017-10-13,39.671,40.658,40.289,39.401,27385.0,110331426.5,2.44508928571,1.58341948009,-4.60423440641,3.11995830127,-0.63050830075,0.754364969782,1.06961912016,40.3230545036,39.5686895338,50.5265826426,47.4080113902,56.7637251475,-0.0454108142051,-0.0779980511508,-0.0686270431809,0.248566382241
2017-10-16,40.309,40.438,38.434,38.365,39743.0,152748246.2,3.54848214286,-4.60423440641,0.468335328095,5.39366186189,-0.834922949724,0.547792276579,0.965253751441,40.0324307338,39.4846384572,34.793891564,43.2033047815,17.975065129,0.324206118666,-0.273836539973,-0.0975724599053,-0.311374533084
2017-10-17,38.434,39.142,38.614,38.385,21986.0,84896740.4,1.96303571429,0.468335328095,-6.04185010618,1.96042886,-0.913903760289,0.394063901261,0.851015781405,39.8142106209,39.4201467196,33.2795912936,39.8954002855,20.0479733099,0.0945965260525,-0.280632608183,-0.11835019534,-0.0435220149936
2017-10-18,38.763,39.033,36.281,35.892,46844.0,169954716.4,4.1825,-6.04185010618,-0.98949863565,8.65742399603,-1.22878937321,0.0830224231475,0.697417109754,39.2706397561,39.187617333,26.3145911606,35.3684639106,8.20684566079,0.344550079128,-0.789317359743,-0.18048862901,-0.209287429991
2017-10-19,36.291,36.59,35.922,35.094,27819.0,99931411.8,2.48383928571,-0.98949863565,1.35849896999,4.16457880964,-1.42027592557,-0.190255343729,0.519882619057,38.755464409,38.9457197528,35.9922586347,35.5763954853,36.8239849336,0.155833502905,-3.29161395821,-0.254559987436,0.367768110666
2017-10-20,35.882,36.59,36.41,35.693,18042.0,65690922.0,1.61089285714,1.35849896999,1.0409228234,2.46360889865,-1.41303607728,-0.363264929245,0.343253109397,38.3946237307,38.75788866,50.6392092124,40.5973333943,70.7229608487,-0.00509749419695,0.90935467107,-0.339748826342,0.406947247362
2017-10-23,36.091,37.059,36.789,36.091,16856.0,62011538.4,1.505,1.0409228234,1.54665796841,2.63122128897,-1.29230955151,-0.464440360299,0.181714415457,38.1476046952,38.6120450555,57.7952854805,46.3299840897,80.725888262,-0.0854376811117,0.278516925001,-0.470611014196,0.141314929268
2017-10-24,36.869,37.876,37.358,36.789,25889.0,96716126.2,2.31151785714,1.54665796841,-0.294448310937,2.90968467263,-1.07958431175,-0.493025779384,0.0467663764892,38.0261270498,38.5191528292,55.9788257082,49.5462646292,68.8439478663,-0.164608579669,0.0615480942829,-0.742638048988,-0.0314292032151
2017-10-25,37.198,37.627,37.248,36.969,19832.0,73870233.6,1.77071428571,-0.294448310937,2.62295962199,1.76653780069,-0.904551265377,-0.518578164372,-0.066302531683,37.906415196,38.4249933604,51.4529557406,50.181828333,53.9952105559,-0.162130038816,0.0518276853995,-2.41773933882,-0.0808496768256
2017-10-26,37.388,38.743,38.225,37.238,38099.0,145633427.5,3.40169642857,2.62295962199,-2.1137998692,3.93721386527,-0.621517220685,-0.454750794611,-0.143992184269,37.9554282428,38.4101790374,56.16243561,52.175364092,64.1365786461,-0.312899948876,-0.123081483459,1.17174488837,0.0915298217878
2017-10-27,37.896,37.926,37.417,37.398,24258.0,90766158.6,2.16589285714,-2.1137998692,-4.07568752171,1.41112328621,-0.512039851249,-0.464017091299,-0.207997165675,37.8725931285,38.3366102198,38.6411186895,47.6639489579,20.5954581528,-0.176145351718,0.0203766476008,0.444503163357,-0.311975731291
2017-10-30,37.437,37.687,35.892,35.154,27240.0,97769808.0,2.43214285714,-4.07568752171,3.11211412014,7.05728295999,-0.607430915638,-0.587641487949,-0.28392603013,37.5678864933,38.1555279813,35.4725499778,43.6001492978,19.2173513377,0.186296172372,0.266422075755,0.365047591916,-0.0819999218244
2017-10-31,35.832,37.088,37.009,35.742,23288.0,86186559.2,2.07928571429,3.11211412014,0.645788862169,3.63695317355,-0.487631994627,-0.588696026772,-0.344880029458,37.4819039559,38.0705999827,55.0252859188,47.4085281715,70.2588014135,-0.197222297922,0.00179452752148,0.214682673866,0.551207509843
2017-11-01,37.258,37.288,37.248,36.64,23577.0,87819609.6,2.10508928571,0.645788862169,-0.668492268041,1.73969072165,-0.350188622798,-0.563747918707,-0.388653607308,37.4459187319,38.0096666506,67.9592441105,54.2587668178,95.3601986958,-0.281858806115,-0.0423785908693,0.126924072462,0.235054811178
2017-11-02,37.248,37.776,36.999,36.739,23331.0,86322366.9,2.083125,-0.668492268041,-1.3757128571,2.80277845347,-0.27037894887,-0.557640450352,-0.422450975916,37.3771620039,37.9348024543,53.6636040775,54.0603792377,52.8700537571,-0.227904816811,-0.0108336867464,0.0869601310094,-0.210356077677
2017-11-03,36.749,37.078,36.49,35.742,19112.0,69739688.0,1.70642857143,-1.3757128571,4.86434639627,3.66127706221,-0.263445652092,-0.587104508474,-0.455381682428,37.2406755418,37.8277800503,54.4384107024,54.1863897259,54.9424526552,-0.025642886798,0.0528370172997,0.0779515455965,0.0144382144692
2017-11-06,36.5,38.285,38.265,36.5,42375.0,162147937.5,3.78348214286,4.86434639627,2.23964458382,4.6648373187,-0.0104337772846,-0.461902793231,-0.456685904589,37.39826392,37.8601667132,69.2521244085,59.2083012868,89.3397706519,-0.960394953564,-0.213252859475,0.00286401981217,0.272118776338
2017-11-07,38.165,39.382,39.122,37.736,48099.0,188172907.8,4.29455357143,2.23964458382,-0.917642247329,4.2073513624,0.266406632257,-0.290181759428,-0.423385075556,37.6634540861,37.9536358456,74.2361266814,64.2175764183,94.2732272075,-26.5330955406,-0.37176877109,-0.0729184516042,0.0719689441368
2017-11-08,39.142,39.661,38.763,38.594,35594.0,137973022.2,3.17803571429,-0.917642247329,1.85228181513,2.75262492583,0.387858121,-0.180973749931,-0.374902810431,37.832614996,38.0135887459,54.7703512459,61.0685013608,42.174051016,0.455887632057,-0.376343467323,-0.114511039534,-0.262214319438
2017-11-09,38.484,39.581,39.481,38.484,40131.0,158441201.1,3.583125,1.85228181513,-0.757326308857,2.77855170842,0.542127397593,-0.0360731869357,-0.307136885732,38.0862126889,38.1222858758,66.8083107364,62.9817711527,74.4613899038,0.397746671372,-0.800671716481,-0.180755979453,0.219789707692
2017-11-10,39.382,39.78,39.182,38.883,31983.0,125315790.6,2.855625,-0.757326308857,0.0,2.28931652289,0.577838431221,0.0540121337808,-0.23490708183,38.2547953521,38.2007832184,55.6499849354,60.5378424136,45.8742699789,0.0658720326372,-2.49729309687,-0.235171375559,-0.167020026072
2017-11-13,39.262,39.581,39.182,38.385,31675.0,124108985.0,2.828125,0.0,0.99280281762,3.05242203052,0.574213375914,0.123976278117,-0.16313040984,38.397442221,38.2734659429,59.3129219525,60.1295355932,57.6796946709,-0.00627347561327,1.2953412398,-0.305553461523,0.0658209884753
2017-11-14,39.162,39.611,39.571,38.404,34440.0,136282524.0,3.075,0.99280281762,-6.22425513634,3.05021354022,0.594464647534,0.208409994869,-0.0888223288986,38.5779895716,38.3695795768,71.7706140826,64.0098950897,87.2920520685,0.0352678507148,0.681047358692,-0.455513359002,0.210033357321
2017-11-15,39.082,39.282,37.108,36.939,40443.0,150075884.4,3.61098214286,-6.22425513634,-2.49811361431,6.31400237146,0.263248673594,0.0757080920974,-0.0559162446994,38.3518373299,38.2761292378,50.2514009946,59.4237303913,31.9067422012,-0.557166814401,-0.636734830567,-0.370470855777,-0.29983320281
2017-11-16,36.54,37.288,36.181,36.101,23085.0,83523838.5,2.06116071429,-2.49811361431,-7.71399353252,3.28072745364,-0.0754494058795,-0.103072123374,-0.0653474204343,38.017862356,38.1209344794,35.7474939515,51.5316515781,4.17917869836,-1.28660887384,-2.36144130064,0.168666114573,-0.288626918973
2017-11-17,36.241,36.67,33.39,32.602,33609.0,112220451.0,3.00080357143,-7.71399353252,2.00059898173,12.1832884097,-0.638822297404,-0.464611356312,-0.14520020761,37.305883532,37.7704948883,30.2885620116,44.4506217226,1.96444258961,7.46689632552,3.50763350073,1.22197305792,-0.152708101645
2017-11-20,33.479,34.068,34.058,31.605,17342.0,59063383.6,1.54839285714,2.00059898173,-0.322978448529,7.23178107934,-0.870537467018,-0.689286124496,-0.254017390987,36.8062091425,37.495495267,53.390371697,47.4305383807,65.3100383296,0.362722419921,0.483575713619,0.749428566037,0.762723884897
2017-11-21,34.048,34.775,33.948,33.589,15198.0,51594170.4,1.35696428571,-0.322978448529,-0.500765877224,3.49357841405,-0.979545263655,-0.866233180771,-0.376460548944,36.366484659,37.2327178398,45.6835192988,46.8481986867,43.354160523,0.125218960432,0.256710602444,0.482026673375,-0.144349105526
2017-11-22,33.948,34.347,33.778,33.599,11974.0,40445777.2,1.06910714286,-0.500765877224,-3.83681686305,2.2144591154,-1.01135362518,-1.00855656468,-0.502879752092,35.9682562499,36.9768128146,38.432506627,44.0429680002,27.2115838807,0.0324725795798,0.164301468785,0.335809963361,-0.158722725024
2017-11-23,33.868,34.327,32.482,32.303,14194.0,46104950.8,1.26732142857,-3.83681686305,3.89754325473,6.2311434025,-1.13451972894,-1.21195458268,-0.644694718209,35.4319091346,36.6438637172,28.5696289239,38.8851883081,7.93851015565,0.121783420449,0.201672395103,0.282005719116,-0.256628530603
2017-11-24,32.293,34.397,33.748,31.784,23466.0,79193056.8,2.09517857143,3.89754325473,-5.55292165462,7.74268104777,-0.978903015599,-1.25650910296,-0.767057595159,35.1728461908,36.4293552937,44.1006353816,40.6236706659,51.054564813,-0.137165277404,0.0367625329503,0.18979971992,0.543619467338
2017-11-27,33.848,33.848,31.874,30.907,18769.0,59824310.6,1.67580357143,-5.55292165462,2.37811382318,9.2269561398,-1.05525212947,-1.42659017608,-0.898964111343,34.6653313922,36.0919215683,40.3604145205,40.5359186175,40.0094063267,0.0779945639718,0.135360000751,0.171964291882,-0.0848110424877
2017-11-28,31.794,33.28,32.632,31.585,14131.0,46112279.2,1.26169642857,2.37811382318,2.47303260603,5.19428781564,-0.934649267811,-1.48311990372,-1.01579526982,34.352511178,35.8356310817,47.4969135152,42.85625025,56.7782400454,-0.114288195487,0.0396257654047,0.129961982911,0.176819269064
2017-11-29,32.901,33.459,33.439,32.403,22917.0,76632156.3,2.04616071429,2.47303260603,-2.47316008254,3.15798917432,-0.688538538979,-1.44613185668,-1.10186258719,34.2119709968,35.6581028535,64.3666292121,50.0263765707,93.0471344949,-0.263318805575,-0.0249393504535,0.0847289999566,0.355174988193
2017-11-30,33.1,33.39,32.612,32.313,16105.0,52521626.0,1.43794642857,-2.47316008254,0.183981356556,3.30246535018,-0.583650248329,-1.4666439924,-1.17481886823,33.9658216127,35.4324656051,52.165187039,50.7393133935,55.01693433,-0.152334669321,0.0141841393101,0.0662117780286,-0.189561614807
2017-12-01,32.522,32.891,32.672,32.303,9238.0,30182393.6,0.824821428571,0.183981356556,-4.33398628795,1.79970617042,-0.458233070924,-1.46121453756,-1.2320980021,33.7667721338,35.2279866714,55.6951587063,52.3912618311,62.3029524566,-0.214884132687,-0.00370195825632,0.0487557149569,0.0676691078409
2017-12-04,32.403,32.901,31.256,31.156,17073.0,53363368.8,1.524375,-4.33398628795,-7.88008702329,5.58292807781,-0.513868698424,-1.55326593861,-1.2963315894,33.3804994978,34.9337654364,39.0403254794,47.9409497139,21.2390770106,0.121413383342,0.0629964996152,0.0521335049596,-0.299035564557
2017-12-05,31.256,31.376,28.793,28.395,28595.0,82333583.5,2.553125,-7.88008702329,1.941444101,10.3532108499,-0.812531182262,-1.80416357831,-1.39789798718,32.6747303443,34.4788939226,30.4772917934,42.119730407,7.19241456612,0.58120388487,0.161529093933,0.0783490880058,-0.219338173565
2017-12-06,28.793,29.412,29.352,28.464,14281.0,41917591.2,1.27508928571,1.941444101,0.98460070864,3.22976287817,-0.860295927483,-1.93558294186,-1.50543497812,32.1635410606,34.0991240024,51.5418232209,45.2604280117,64.1046136394,0.0587851226683,0.0728422661479,0.0769276384409,0.691154961219
2017-12-07,29.312,30.508,29.641,29.023,13967.0,41399584.7,1.24705357143,0.98460070864,1.24489727067,5.00995243075,-0.780799673987,-1.99343477436,-1.60303493737,31.7754578205,33.7688925948,48.2332693527,46.2513751253,52.1970578073,-0.0924057071017,0.0298885835628,0.0648317334637,-0.0641916343175
2017-12-08,29.003,30.189,30.01,29.003,12395.0,37197395.0,1.10669642857,1.24489727067,1.16294568477,3.95201599467,-0.613715590313,-1.98660718131,-1.67974938616,31.503848925,33.4904561063,60.45792999,50.9868934136,79.400003143,-0.213990975202,-0.00342503960285,0.0478557559794,0.25344872536
2017-12-11,29.91,30.508,30.359,29.78,11186.0,33959577.4,0.99875,1.16294568477,0.984880924932,2.39797094766,-0.401645899882,-1.93077807358,-1.72995512364,31.3277183212,33.2584963948,66.816275671,56.263354166,87.9221186809,-0.345550437008,-0.0281027413249,0.0298888262136,0.105169754936
2017-12-12,30.129,31.406,30.658,30.01,23196.0,71114296.8,2.07107142857,0.984880924932,-0.81218605258,4.55346076065,-0.177963480383,-1.84118229888,-1.75220055869,31.2246847333,33.0658670322,60.0169631503,57.5145571608,65.0217751293,-0.556914485034,-0.0464039735728,0.0128589665384,-0.10176132166
2017-12-13,30.259,30.578,30.409,29.93,13789.0,41930970.1,1.23116071429,-0.81218605258,-2.26248807919,2.13094807458,-0.0282667741026,-1.7698672925,-1.75573390545,31.0991947743,32.8690620668,64.6512264623,59.893446928,74.1667855311,-0.841165310761,-0.038733267434,0.00201651959606,0.0772158914545
2017-12-14,30.598,30.598,29.721,29.412,15786.0,46917570.6,1.40946428571,-2.26248807919,-0.471047407557,3.99044446688,0.0112422886326,-1.74870747506,-1.75432861937,30.8871648091,32.6358722841,51.7854719417,57.1907885992,40.9748386267,-1.39772096355,-0.011955595505,-0.000800398098318,-0.199002481849
2017-12-15,29.501,30.06,29.581,29.412,11582.0,34260714.2,1.03410714286,-0.471047407557,1.92015144856,2.19059531456,0.0495352768232,-1.72336907136,-1.74813670977,30.6862163769,32.4095854482,43.217063599,52.5328802658,24.5854302654,3.4061559387,-0.0144897897788,-0.00352950384239,-0.165459694031
2017-12-18,29.581,30.409,30.149,29.033,17158.0,51729654.2,1.53196428571,1.92015144856,0.4975289396,4.56399880593,0.175311582381,-1.63856697078,-1.72622276197,30.6035677035,32.2421346743,55.8462594536,53.6373399951,60.2640983706,2.53912592448,-0.0492071617079,-0.0125356030082,0.292227069654
2017-12-19,29.96,30.389,30.299,29.96,11113.0,33671278.7,0.992232142857,0.4975289396,-2.50173273045,1.41588831315,0.295576197149,-1.54148763875,-1.68927573733,30.5567111337,32.0981987725,63.5711659761,56.9486153221,76.816267284,0.686004958341,-0.0592464841284,-0.0214033932686,0.138324510863
2017-12-20,30.289,30.409,29.541,29.312,11275.0,33307477.5,1.00669642857,-2.50173273045,0.338512575742,3.71348295589,0.28951516564,-1.5083287588,-1.65308634162,30.4004478824,31.9087766412,49.3391486331,54.4121264257,39.1931930478,-0.0205058173407,-0.021510960657,-0.0214230246166,-0.223875354879
2017-12-21,29.561,29.86,29.641,28.415,13393.0,39698191.3,1.19580357143,0.338512575742,3.19489895753,4.87500421713,0.313444643152,-1.45718343965,-1.61390576123,30.2836097466,31.7407931863,61.1741959745,56.6661496087,70.1902887063,0.0826536235462,-0.0339086017232,-0.0237014724564,0.239871332792
2017-12-22,29.711,31.356,30.588,29.611,30343.0,92813168.4,2.70919642857,3.19489895753,9.0623774029,5.70485157578,0.462309886715,-1.32496208203,-1.55611702539,30.3304390164,31.6554010984,59.4456435437,57.592647587,63.151635457,0.474933123966,-0.0907376202766,-0.0358067597425,-0.0282562345663
2017-12-25,30.319,33.649,33.36,30.109,54107.0,180500952.0,4.83098214286,9.0623774029,-0.509592326139,10.6115107914,0.913559461161,-0.985142362165,-1.44192209275,30.7965253216,31.7816676837,70.2424817598,61.8092589779,87.1089273236,0.976075977205,-0.25647505274,-0.0733845403539,0.181625390399
2017-12-26,32.692,33.798,33.19,31.904,49525.0,164373475.0,4.421875,-0.509592326139,0.632720699006,5.70653811389,1.15309710699,-0.721236400876,-1.29778495437,31.1647521952,31.885988596,69.4611969212,64.359904959,79.6637808455,0.262202577954,-0.267886116184,-0.0999618072981,-0.0111226827278
2017-12-27,32.702,34.137,33.4,32.602,42424.0,141696160.0,3.78785714286,0.632720699006,-0.568862275449,4.59580838323,1.29325414124,-0.489501116095,-1.13612818672,31.5086364728,31.9981375889,63.6364548421,64.1187549201,62.6718546863,0.121548335696,-0.321302813473,-0.12456360132,-0.0838560568667
2017-12-28,32.901,33.888,33.21,32.293,29792.0,98939232.0,2.66,-0.568862275449,-2.4601023788,4.80277024992,1.3097723513,-0.317520467152,-0.972406642804,31.7703847078,32.0879051749,61.5883575646,63.2752891349,58.2144944239,0.0127725939812,-0.351338624751,-0.14410481654,-0.0321843396628
2017-12-29,32.891,33.23,32.393,32.383,17083.0,55336961.9,1.52526785714,-2.4601023788,1.35214398172,2.61476244868,1.16491764322,-0.24433311579,-0.826791937401,31.8661716758,32.1105047916,41.4524508911,56.0010097203,12.3553332328,-0.110595332034,-0.230496484268,-0.14974672014,-0.326943394331
2018-01-02,32.413,33.17,32.831,32.103,16795.0,55139664.5,1.49955357143,1.35214398172,0.700557400018,3.24997715574,1.08403829275,-0.14926800443,-0.691287150807,32.0146068026,32.163874807,50.3778601067,54.1266265158,42.8803272887,-0.0694292432925,-0.389079929069,-0.163892244789,0.215316803319
2018-01-03,32.951,33.888,33.061,32.951,23910.0,79048851.0,2.13482142857,0.700557400018,4.88490971235,2.83415504673,1.01847839553,-0.0547381535978,-0.563977351365,32.1755903714,32.230328525,37.4984382213,48.5838970843,15.3275204953,-0.0604774735895,-0.633289439308,-0.184163410665,-0.255656390688
2018-01-04,32.602,35.194,34.676,32.602,59167.0,205167489.2,5.28276785714,4.88490971235,-2.8175106702,7.47491060099,1.14041080346,0.148779400799,-0.421426000932,32.5602687758,32.411489375,51.6707695138,49.6128545608,55.7865994198,0.11972017125,-3.71802008325,-0.252760771488,0.377944574888
2018-01-05,34.267,34.397,33.699,33.509,36461.0,122869923.9,3.25544642857,-2.8175106702,0.145404908158,2.63509302947,1.04003786149,0.228597662496,-0.291421268247,32.7354581949,32.5068605324,41.579311808,46.9350069765,30.8679214709,-0.08801472388,0.536487317928,-0.308487687988,-0.195303027239
2018-01-08,33.419,34.287,33.748,33.31,22349.0,75423405.2,1.99544642857,0.145404908158,-1.89048239896,2.89498636956,0.934173337926,0.292437067957,-0.174649601006,32.8912338573,32.5987967893,42.6632464254,45.5110867928,36.9675656905,-0.101789105455,0.279265346653,-0.400697134919,0.0260690850875
2018-01-09,33.649,33.778,33.11,32.921,17794.0,58915934.0,1.58875,-1.89048239896,-2.40712775596,2.58834189067,0.740601750591,0.288226493114,-0.0820743821819,32.9248901869,32.6366636938,35.7933894878,42.2718543578,22.8364597478,-0.207211637794,-0.014398225481,-0.530062584116,-0.16102518006
2018-01-10,33.12,33.499,32.313,32.004,18468.0,59675648.4,1.64892857143,-2.40712775596,1.54117537833,4.62662086467,0.480222419028,0.218064629711,-0.0220465798034,32.8307532351,32.6126886054,30.7518917656,38.4318668271,15.3919416426,-0.351578066559,-0.243426142562,-0.731382933172,-0.140849966834
2018-01-11,32.084,32.901,32.811,32.084,12663.0,41548569.3,1.130625,1.54117537833,0.457163756057,2.49001859133,0.355812027737,0.200335937532,0.0224299236637,32.8277142758,32.6273783383,50.1626238861,42.3421191801,65.8036332982,-0.259068269955,-0.0813001732649,-2.01738790614,0.63120448877
2018-01-12,32.811,33.649,32.961,32.811,15859.0,52272849.9,1.41598214286,0.457163756057,-5.74618488517,2.54239859228,0.27791807074,0.196128717876,0.0571696825063,32.8482197719,32.652091054,39.4083363696,41.3641915766,35.4966259556,-0.218918841761,-0.0210008234552,1.54881306612,-0.214388456652
2018-01-15,32.712,32.712,31.067,30.598,22366.0,69484452.2,1.99696428571,-5.74618488517,0.543985579554,6.8046480188,-0.0282569976612,0.039509058968,0.0536375577986,32.5741859608,32.5346769018,33.6673677343,38.7985836291,23.4049359445,-1.10167384073,-0.798555461965,-0.06178317865,-0.145679040635
2018-01-16,31.236,31.505,31.236,30.767,11506.0,35940141.6,1.02732142857,0.543985579554,-1.72237162249,2.362658471,-0.19808795681,-0.0701674152077,0.0288765631974,32.3683111976,32.4384786128,43.6282903233,40.4084858605,50.0678992488,6.010226606,-2.77598295278,-0.461635384188,0.295862826808
2018-01-17,31.386,31.406,30.698,29.95,14732.0,45224293.6,1.31535714286,-1.72237162249,0.0977262362369,4.7429799987,-0.363344944309,-0.198214026995,-0.0165415548412,32.1113402441,32.3095542711,46.2100690067,42.3423469093,53.9455132017,0.834260649459,1.82487286169,-1.57283668864,0.0591767099814
2018-01-18,30.698,31.156,30.728,30.508,8861.0,27228080.8,0.791160714286,0.0977262362369,-1.39612080187,2.10882582661,-0.443747007908,-0.293883434784,-0.0720099308297,31.8985186681,32.1924021029,42.1235850991,42.2694263059,41.8319026856,0.221283011801,0.482657101711,3.35327461783,-0.0884327592542
2018-01-19,30.448,30.887,30.299,30.109,12772.0,38697882.8,1.14035714286,-1.39612080187,1.38288392356,2.56774150962,-0.524322066281,-0.399711222255,-0.137550189115,31.652438873,32.0521500953,36.2229213429,40.2539246515,28.1609147255,0.181578820674,0.360101233844,0.910155828925,-0.140079809028
2018-01-22,30.03,30.797,30.718,29.91,14521.0,44605607.8,1.29651785714,1.38288392356,-0.520867243961,2.88755778371,-0.49135188284,-0.44464511589,-0.19896917447,31.5086790464,31.9533241623,54.5131388434,45.0069960488,73.5254244325,-0.0628815485009,0.112415892106,0.446520544612,0.504934909236
2018-01-23,30.409,30.957,30.558,30.409,10608.0,32415926.4,0.947142857143,-0.520867243961,1.27298906997,1.79331108057,-0.461723057433,-0.487546085366,-0.256684556649,31.3624207316,31.8499668169,45.4053529029,45.1397816668,45.936495375,-0.0603006245459,0.0964836179292,0.290071978903,-0.167075059953
2018-01-24,30.568,30.987,30.947,30.07,13916.0,43065845.2,1.2425,1.27298906997,-0.739974795618,2.96313051346,-0.36461756738,-0.484570536261,-0.302261752571,31.2985098498,31.783080386,62.1495518807,50.8097050715,84.8292454992,-0.210311112886,-0.00610311351843,0.177561114379,0.368771475329
2018-01-25,30.907,31.176,30.718,30.708,12060.0,37045908.0,1.07678571429,-0.739974795618,-1.6895631226,1.52353668859,-0.308357036701,-0.49498490051,-0.340806382159,31.2092006421,31.7041855426,42.1452852994,47.9215651475,30.5927256033,-0.154300109791,0.0214919469287,0.127520697739,-0.32187306225
2018-01-26,30.708,30.708,30.199,30.06,10745.0,32448825.5,0.959375,-1.6895631226,-1.08944004768,2.14576641611,-0.316958042199,-0.538905158533,-0.380426137434,31.0537851587,31.5926903173,35.2470626276,43.6967309742,18.3477259344,0.0278930086682,0.0887305006242,0.116252973386,-0.163677209036
2018-01-29,30.269,30.349,29.87,29.701,11261.0,33636607.0,1.00544642857,-1.08944004768,2.60462002009,2.16940073652,-0.340788999331,-0.593419262016,-0.42302476235,30.8716643651,31.4650836271,32.1914573896,39.8616397793,16.8510926101,0.0751864725279,0.101157137985,0.111976072947,-0.0866910604803
2018-01-30,30.099,30.867,30.648,29.282,14141.0,43339336.8,1.26258928571,2.60462002009,-4.58757504568,5.17162620726,-0.230847502187,-0.567304451217,-0.451880700124,30.8372544628,31.404558914,50.188626693,43.3039687505,63.9579425778,-0.322608703215,-0.0440073527611,0.0682133537834,0.55906662086
2018-01-31,30.229,30.648,29.242,28.714,16380.0,47898396.0,1.4625,-4.58757504568,-5.52287805212,6.61377470761,-0.321052744658,-0.652538665535,-0.492012293206,30.5918306993,31.2443693648,42.5593946998,43.0557774003,41.5666292989,0.390756848639,0.150244219193,0.0888101507128,-0.152011172567
2018-02-01,29.262,29.711,27.627,26.919,12058.0,33312636.6,1.07660714286,-5.52287805212,-1.40804285663,10.1060556702,-0.557921417493,-0.840713179139,-0.561752470393,30.1357028994,30.9764160785,36.8256518629,40.9790688878,28.5188178131,0.737787409631,0.288372970896,0.141744785953,-0.134723317316
2018-02-02,27.059,27.557,27.238,25.822,10514.0,28638033.2,0.93875,-1.40804285663,0.767310375211,6.3697775167,-0.716546312455,-1.00959391568,-0.651320759449,29.6899024533,30.699496369,51.7550455263,44.5710611006,66.1230143776,0.284314044932,0.200877945925,0.159444406171,0.405407451277
2018-02-05,26.431,28.275,27.447,26.431,7442.0,20426057.4,0.664464285714,0.767310375211,-9.9865194739,6.71840273983,-0.739855064255,-1.11373017461,-0.743802642481,29.3448405374,30.458570712,52.8692349785,47.3371190599,63.9334668156,0.0325293025657,0.103146678397,0.14199130258,0.0215281320084
2018-02-06,26.919,27.358,24.706,24.706,18138.0,44811742.8,1.61946428571,-9.9865194739,1.29118432769,10.7342345989,-1.05196633292,-1.40128160056,-0.875298434097,28.6311727624,30.032454363,35.2461566523,43.3067982574,19.1248734422,0.421854608754,0.258187694384,0.176788551297,-0.333333333333
2018-02-07,25.314,25.802,25.025,23.868,13587.0,34001467.5,1.213125,1.29118432769,1.43456543457,7.72827172827,-1.13577028905,-1.58515486476,-1.01726972023,28.0763769528,29.6615318176,43.4388372856,43.3508112668,43.6148893233,0.0796641047438,0.131217925166,0.162197578108,0.232441815263
2018-02-08,25.055,25.733,25.384,24.905,8591.0,21807394.4,0.767053571429,1.43456543457,0.0393948944217,3.26189725812,-1.06438843954,-1.68251249494,-1.15031827517,27.6621651139,29.3446776089,48.2426387057,44.9814204131,54.7650752909,-0.0628488438202,0.0614183713852,0.130789850811,0.110587707229
2018-02-09,24.716,27.926,25.394,23.978,16056.0,40772606.4,1.43357142857,0.0393948944217,3.37481294794,15.5469796015,-0.941599860791,-1.73881818817,-1.26801825777,27.3132166349,29.052034823,44.1171796032,44.6933401431,42.9648585233,-0.115360684304,0.0334652452169,0.102319492909,-0.0855147896797
2018-02-12,25.473,26.52,26.251,25.473,9868.0,25904486.8,0.881071428571,3.37481294794,-1.13900422841,3.98841948878,-0.682774101209,-1.69475207103,-1.35336502042,27.149798691,28.8445507621,54.180634858,47.8557717148,66.8303611446,-0.274878714792,-0.0253425674058,0.06730720329,0.228107402725
2018-02-13,26.53,26.72,25.952,25.922,7561.0,19622307.2,0.675089285714,-1.13900422841,-0.882398273736,3.07490752158,-0.498241204625,-1.66476577331,-1.415645171,26.9655219693,28.6302877427,37.3735560708,44.3616998334,23.3972685454,-0.270269326645,-0.0176936191592,0.0460187382106,-0.310204537679
2018-02-14,26.171,26.181,25.723,25.533,5059.0,13013265.7,0.451696428571,-0.882398273736,2.98176728997,2.51914628931,-0.359877089218,-1.64056835176,-1.46062980715,26.7743647433,28.414933095,34.6893665986,41.1375887552,21.7929222855,-0.277705083648,-0.0145350306568,0.0317767736391,-0.0718205532026
2018-02-22,26.341,26.869,26.49,25.912,8362.0,22150938.0,0.746607142857,2.98176728997,0.113250283126,3.61268403171,-0.129758927973,-1.54172913713,-1.47684967315,26.7306163212,28.2723454584,43.2586024625,41.8445933243,46.0866207389,-0.639435429872,-0.0602469348625,0.0111047069676,0.247027740893
2018-02-23,26.341,26.77,26.52,25.922,8785.0,23297820.0,0.784375,0.113250283126,2.85822021116,3.197586727,0.0520342277447,-1.44432828081,-1.47034539468,26.6982138103,28.1425420911,52.3453576165,45.3448480883,66.3463766728,-1.40100691766,-0.0631763738394,-0.00440415743481,0.210056604623
2018-02-26,26.879,27.577,27.278,26.44,16932.0,46187109.6,1.51178571429,2.85822021116,0.0,4.16819414913,0.286808230574,-1.29109025057,-1.43449436586,26.7874116856,28.0785019362,59.4644805687,50.0513922485,78.2906572092,4.5119148108,-0.106096399463,-0.0243827259578,0.136002948043
2018-02-27,27.069,27.428,27.278,26.919,14042.0,38303767.6,1.25375,0.0,1.75599384119,1.86597257863,0.44508108847,-1.15631868556,-1.3788592298,26.8628868109,28.0192054965,63.1531376679,54.4186407216,80.6221315606,0.551842105713,-0.10438585912,-0.0387837954494,0.0620312674718
2018-02-28,26.919,28.654,27.757,26.919,21325.0,59191802.5,1.90401785714,1.75599384119,1.28976474403,6.25067550528,0.607230478157,-0.999340180951,-1.30295542003,27.0004426862,27.9997828671,58.2019957172,55.6797590535,63.2464690445,0.364314265169,-0.135757128699,-0.0550482660805,-0.0783989859194
2018-03-01,26.919,28.474,28.115,26.919,19117.0,53747445.5,1.706875,1.28976474403,-3.04819491375,5.53085541526,0.746481588189,-0.836404427412,-1.20964522151,27.1719130421,28.0083174695,64.439058238,58.5995254483,76.1181238174,0.229321674456,-0.163043332636,-0.0716142679091,0.107162348026
2018-03-02,27.886,28.215,27.258,27.218,12712.0,34650369.6,1.135,-3.04819491375,0.766747376917,3.65764179324,0.707302421243,-0.76758120823,-1.12123241885,27.1851571895,27.9527383977,44.2967175281,53.8319228083,25.2263069679,-0.0524851082276,-0.0822846184534,-0.0730898622864,-0.312579687858
2018-03-05,27.218,27.876,27.467,27.118,10826.0,29735774.2,0.966607142857,0.766747376917,1.67109622456,2.75967524666,0.692787624096,-0.688240153791,-1.03463396584,27.2285176219,27.9167577757,44.8785504717,50.8474653627,32.9407206896,-0.0205213451988,-0.103365029769,-0.0772350598824,0.0131348997407
2018-03-06,27.408,28.066,27.926,27.408,18736.0,52322153.6,1.67285714286,1.67109622456,-2.6068896369,2.35622717181,0.72482269454,-0.581619781751,-0.944031129021,27.3358226031,27.9174423849,56.1601683996,52.618366375,63.2437724487,0.0462408237816,-0.154917395407,-0.0875699424231,0.251381067555
2018-03-07,27.896,27.896,27.198,27.019,16288.0,44300102.4,1.45428571429,-2.6068896369,0.477976321788,3.2245018016,0.6311998374,-0.549531230646,-0.865131149346,27.3146191257,27.8641503564,44.2436090357,49.8267805952,33.0772659165,-0.129166564244,-0.0551710105327,-0.0835777309132,-0.2121888111
2018-03-08,27.218,27.418,27.328,26.999,10117.0,27647737.6,0.903303571429,0.477976321788,2.51756440281,1.53322599532,0.571797369528,-0.507757793391,-0.793656478155,27.3166777218,27.8244355152,55.6691681558,51.7742431154,63.4590182367,-0.0941103979318,-0.076016493559,-0.0826171514516,0.258242023406
2018-03-09,27.328,28.115,28.016,27.148,22311.0,62506497.6,1.99205357143,2.51756440281,1.77755568247,3.45159908624,0.606874825166,-0.414359712426,-0.717797125009,27.4242657646,27.838625477,67.0334957647,56.8606606652,87.3791659637,0.0613459548915,-0.183942190904,-0.0955821003592,0.20414042432
2018-03-12,28.155,28.684,28.514,28.155,26312.0,75026036.8,2.34928571429,1.77755568247,0.21042295013,1.85522901031,0.673697745558,-0.296736034036,-0.633584906815,27.5919171854,27.8886532194,67.3102952231,60.3438721845,81.2431413003,0.110109890245,-0.283868520184,-0.117320361507,0.00412927082555
2018-03-13,28.315,28.923,28.574,28.195,23730.0,67806102.0,2.11875,0.21042295013,0.559949604536,2.54777070064,0.699475373397,-0.196412798442,-0.54615048514,27.7430068492,27.9394196476,62.2270100022,60.9715847904,64.7378604258,0.0382628975812,-0.338089156984,-0.13799953366,-0.0755201742027
2018-03-14,28.684,29.262,28.734,27.916,25693.0,73826266.2,2.29401785714,0.559949604536,-4.2702025475,4.68434607086,0.709344588094,-0.102810117581,-0.457482411628,27.8954673339,27.9982774515,61.742226579,61.2284653866,62.7697489638,0.0141094527031,-0.476561006224,-0.162350992857,-0.00779056270269
2018-03-15,28.464,28.744,27.507,26.919,21586.0,59376610.2,1.92732142857,-4.2702025475,-1.9195113971,6.63467481005,0.530078417858,-0.126183400467,-0.391222609396,27.8357031287,27.9618865292,51.9012104134,58.1193803955,39.4648704491,-0.252720854216,0.227344189812,-0.144835736955,-0.159388747554
2018-03-16,27.537,27.836,26.979,26.919,12100.0,32644590.0,1.08035714286,-1.9195113971,-1.62719151933,3.39893991623,0.329672219452,-0.185177472238,-0.350013581965,27.7039026474,27.8890801196,36.781832024,51.0068642717,8.33176752874,-0.378068964241,0.467526406429,-0.105333961897,-0.291310708728
2018-03-19,26.979,27.268,26.54,26.131,14243.0,37800922.0,1.27169642857,-1.62719151933,-0.561416729465,4.28409947249,0.137129639502,-0.264307557276,-0.332872377027,27.5248407016,27.7891482589,36.5118399363,46.1751894932,17.1851408224,-0.584042477921,0.427320257054,-0.0489729708244,-0.00734036541685
2018-03-20,26.57,26.76,26.391,26.022,13796.0,36409023.6,1.23178571429,-0.561416729465,0.488803001023,2.79640786632,-0.0036890777148,-0.335178050599,-0.333333511741,27.3504036706,27.6855817212,41.0078932909,44.4527574258,34.118165021,-1.02690211779,0.268136462131,0.00138531985883,0.123139599714
2018-03-21,26.271,26.77,26.52,25.922,14921.0,39570492.0,1.33223214286,0.488803001023,4.36274509804,3.197586727,-0.0692153007419,-0.376593074705,-0.341985424334,27.2226492597,27.5992423344,50.8448848354,46.5834665623,59.3677213816,17.7622235401,0.123561265519,0.0259557238861,0.239880441426
2018-03-22,26.421,28.893,27.677,26.121,31571.0,87379056.7,2.81883928571,4.36274509804,-9.2603967193,10.0155363659,0.0472522182991,-0.312452787897,-0.336078897047,27.2925493736,27.6050021615,52.6075086012,48.5914805753,60.639564653,-1.68268457686,-0.170317223327,-0.0172712837072,0.0346666881336
2018-03-23,26.51,26.819,25.114,24.925,29063.0,72988818.2,2.59491071429,-9.2603967193,2.06657641156,7.54161025723,-0.203226646905,-0.463095551362,-0.36148222791,26.9573879315,27.4204834829,38.3979659594,45.19364237,24.8066131382,-5.30089113739,0.482129682628,0.0755874025008,-0.270104839017
2018-03-26,25.124,25.683,25.633,24.217,15447.0,39595295.1,1.37919642857,2.06657641156,3.11317442359,5.7191901065,-0.276734606401,-0.53444135691,-0.39607405371,26.7536359421,27.288077299,57.7950969061,49.3941272154,74.5970362876,0.361704336591,0.154062817789,0.0956944024611,0.505160376651
2018-03-27,25.802,26.5,26.431,25.802,15946.0,42146872.6,1.42375,3.11317442359,-0.983693390337,2.64083840944,-0.199226231437,-0.520590448358,-0.420977332639,26.7039996433,27.2245900916,68.5682689976,55.7855078094,94.1337913738,-0.280081974466,-0.0259166106314,0.0628753100497,0.186402872704
2018-03-28,26.121,26.51,26.171,26.022,9786.0,25610940.6,0.87375,-0.983693390337,2.66707424248,1.86465935578,-0.165710960556,-0.524546682987,-0.441691202709,26.6219996982,27.1465463812,55.8897749601,55.8202635263,56.0287978277,-0.168227198997,0.00759951443824,0.0492042408544,-0.184903224521
2018-03-29,26.221,27.099,26.869,26.221,16592.0,44581044.8,1.48142857143,2.66707424248,1.70828836205,3.26770627861,-0.0388743082323,-0.465987645354,-0.446550491238,26.6599997446,27.12598739,61.861216716,57.8339145896,69.9158209689,-0.765408950006,-0.111637418617,0.0110015515347,0.106843188403
2018-03-30,26.829,27.368,27.328,26.829,17527.0,47897785.6,1.56491071429,1.70828836205,4.55942622951,1.97233606557,0.109389150248,-0.378182272333,-0.432876847457,26.7627690147,27.140951287,72.1004277179,62.5894189657,91.1224452224,-3.81391888942,-0.188428542895,-0.0306205995722,0.165519069062
2018-04-02,27.368,30.06,28.574,27.148,51643.0,147564708.2,4.61098214286,4.55942622951,-2.54777070064,10.1910828025,0.363509983082,-0.205683108031,-0.387438099572,27.0414199355,27.2471030435,64.3902118852,63.1896832722,66.7912691112,2.3230899249,-0.456127050161,-0.104969226588,-0.106937171897
2018-04-03,27.517,28.405,27.846,27.368,32689.0,91025789.4,2.91866071429,-2.54777070064,1.39696904403,3.72405372405,0.417878083857,-0.126264297161,-0.33520333909,27.1652014839,27.291465781,58.2916423818,61.5570029754,51.7609211947,0.14956425767,-0.386122183927,-0.134820918593,-0.0947126795332
2018-04-04,28.096,29.252,28.235,27.487,31971.0,90270118.5,2.85455357143,1.39696904403,-1.94085355056,6.25110678236,0.485811208637,-0.0315713336914,-0.27447693801,27.329785871,27.3613572047,52.9876293877,58.7005451128,41.5617979374,0.162566852401,-0.749958346094,-0.181162876374,-0.0909909684718
2018-04-09,27.916,28.385,27.687,27.208,23068.0,63868371.6,2.05964285714,-1.94085355056,1.69032397876,4.25109257052,0.437983897001,-0.000737002384017,-0.219728950885,27.3847418908,27.3854788932,48.8906484222,55.4305795493,35.8107861679,-0.098448349452,-0.976655962931,-0.199462976825,-0.0773195746419
2018-04-10,27.517,28.265,28.155,27.517,17337.0,48812323.5,1.54794642857,1.69032397876,-0.316107263364,2.65672171906,0.448786612161,0.0607626817159,-0.163630624365,27.5032431384,27.4424804567,61.0251381638,57.2954324208,68.4845496498,0.0246646400325,-83.4457057855,-0.255306942004,0.248196539282
2018-04-11,28.125,28.454,28.066,27.916,15206.0,42677159.6,1.35767857143,-0.316107263364,3.05351671061,1.91691014038,0.423655443122,0.101154027587,-0.110673693974,27.5898211171,27.4886670895,49.9771057399,54.8559901938,40.2193368321,-0.0559980363899,0.664739355309,-0.323637036746,-0.181040678584
2018-04-12,28.684,29.402,28.923,28.086,34189.0,98884844.7,3.05258928571,3.05351671061,-4.20426650071,4.5500121011,0.497096452522,0.200011588852,-0.0485366374091,27.7949255606,27.5949139718,54.518678396,54.7435529279,54.0689293323,0.173350798608,0.97729733184,-0.561443775245,0.0908730625524
2018-04-13,28.764,28.863,27.707,27.497,30818.0,85387432.6,2.75160714286,-4.20426650071,-3.92319630418,4.93016205291,0.362749677083,0.178181910768,-0.00319292777374,27.7813985513,27.6032166405,41.470236549,50.3191141349,23.7724813772,-0.270262993745,-0.109142066264,-0.93421613148,-0.2393389244
2018-04-16,27.587,27.796,26.62,26.201,18180.0,48395160.0,1.62321428571,-3.92319630418,-2.47182569497,5.99173553719,0.120846400966,0.07233607283,0.011912872347,27.6027218511,27.5303857783,36.4033551915,45.6805278205,17.8490099336,-0.666860072936,-0.594032455268,-4.73101842296,-0.122181153983
2018-04-17,26.63,27.099,25.962,25.922,13831.0,35908042.2,1.23491071429,-2.47182569497,2.80409829751,4.5335490332,-0.121310114437,-0.0639059491762,-0.00325089195764,27.3503031048,27.4142090539,25.4017270237,38.9209275549,-1.63667403856,-2.00383721375,-1.88345892549,-1.27288901139,-0.302214675265
2018-04-18,26.052,26.72,26.69,25.942,12000.0,32028000.0,1.07142857143,2.80409829751,3.62307980517,2.91494941926,-0.173752056245,-0.111845927111,-0.0249698989883,27.2487180117,27.3605639388,48.9824709721,42.2747753606,62.3978621951,0.432296532331,0.750164555139,6.68093782065,0.928312627183
2018-04-19,26.909,28.973,27.657,26.71,36489.0,100917627.3,3.25794642857,3.62307980517,-4.54134577141,8.18237697509,-0.0736346260721,-0.0709915402833,-0.0341742272473,27.3115306253,27.3825221656,46.6040158521,43.7178555245,52.3763365074,-0.576208606313,-0.365273800154,0.368616960098,-0.048557271057
2018-04-20,27.039,27.318,26.401,26.281,24846.0,65595924.6,2.21839285714,-4.54134577141,2.34082042347,3.92788151964,-0.166709763359,-0.138367829347,-0.0550129476672,27.1714489906,27.30981682,34.9266245186,40.7874451892,23.2049831774,1.26401317223,0.949074900962,0.609778833304,-0.250566203792
2018-04-23,26.291,27.099,27.019,25.952,12971.0,35046344.9,1.158125,2.34082042347,2.36130130649,4.24516081276,-0.136426537412,-0.140279533549,-0.0720662648437,27.1479952998,27.2882748333,54.2928441283,45.2892448355,72.3000427139,-0.181652383985,0.0138161031474,0.309987337519,0.554483001914
2018-04-24,27.099,27.697,27.657,26.75,24377.0,67419468.9,2.17651785714,2.36130130649,-1.9127164913,3.42408793434,-0.0275485257538,-0.0892840934398,-0.0755098305629,27.2263037152,27.3155878086,68.1206078068,52.8996991593,98.5624251017,-0.798070622648,-0.363527300237,0.0477833245096,0.254688511911
2018-04-25,26.919,27.687,27.128,26.74,22519.0,61089543.2,2.010625,-1.9127164913,1.21276909466,3.49085815394,-0.0240040290182,-0.0905123486992,-0.0785103341901,27.2111800667,27.3016924154,59.0709015086,54.9567666091,67.2991713078,-0.128663753816,0.0137567086382,0.0397365959493,-0.132848290547
2018-04-26,26.989,28.684,27.457,26.989,42662.0,117137053.4,3.80910714286,1.21276909466,-5.77266270896,6.17328914302,0.0228994739863,-0.0641981629487,-0.0756478999419,27.248998518,27.3131966809,48.5841408288,52.8325580156,40.087306455,-1.95398459854,-0.290724814113,-0.0364593308361,-0.177528366963
2018-04-27,25.922,26.919,25.872,25.005,41215.0,106631448.0,3.67991071429,-5.77266270896,0.309214594929,7.39795918367,-0.149825406643,-0.169288779093,-0.0943760757722,27.0371525921,27.2064413712,47.4886957667,51.0512705993,40.3635461015,-7.54274446357,1.63697232628,0.247570333674,-0.0225473795226
2018-05-02,25.713,27.069,25.952,25.224,23782.0,61719046.4,2.12339285714,0.309214594929,0.0,7.10927866831,-0.238300276646,-0.243313748676,-0.124163610353,26.8702060395,27.1135197882,44.8117953711,48.9714455233,36.4924950669,0.590519805592,0.437270384835,0.3156259077,-0.0563692127647
2018-05-03,25.443,26.121,25.952,25.184,15561.0,40383907.2,1.389375,0.0,0.077065351418,3.61051171393,-0.278998564977,-0.298537713464,-0.159038430975,26.7289435719,27.0274812853,57.195768241,51.7128864292,68.1615318647,0.170785736819,0.226966067837,0.280877952268,0.276355204413
2018-05-04,25.922,26.131,25.972,25.543,11042.0,28678282.4,0.985892857143,0.077065351418,1.38225781611,2.26397659017,-0.284429345259,-0.336806771762,-0.194592099132,26.6124907147,26.9492974864,62.4502400518,55.2920043034,76.7667115487,0.01946526242,0.128188354679,0.223553941896,0.0918681918683
2018-05-07,25.972,26.401,26.331,25.972,13082.0,34446214.2,1.16803571429,1.38225781611,0.489916828073,1.62925828871,-0.223553796185,-0.334313221748,-0.222536323655,26.5691844509,26.9034976726,69.5278212622,60.037276623,88.5089105406,-0.214026963424,-0.00740350320494,0.143604106475,0.113331529303
2018-05-08,26.131,26.62,26.46,26.131,15231.0,40301226.0,1.35991071429,0.489916828073,2.07482993197,1.84807256236,-0.153156522345,-0.318259150121,-0.241680888949,26.552386843,26.8706459932,68.7786020412,62.9510517624,80.4337025988,-0.314900820477,-0.0480210490705,0.0860289456511,-0.0107758190521
2018-05-09,26.331,27.338,27.009,26.331,25278.0,68273350.2,2.25696428571,2.07482993197,-0.185123477359,3.72838683402,-0.0265256450089,-0.258259417079,-0.244996594575,26.622635021,26.8808944381,68.2953010629,64.7324681959,75.4209667969,-0.826806951459,-0.18852476989,0.0137193538163,-0.0070269090091
2018-05-10,26.919,27.009,26.959,26.62,18577.0,50081734.3,1.65866071429,-0.185123477359,-1.81386549946,1.44293185949,0.0523200617929,-0.212296555954,-0.238456586851,26.6743834793,26.8866800353,74.5790438963,68.014660096,87.7078114967,-2.97243315951,-0.177971675321,-0.0266942801204,0.0920084213053
2018-05-11,27.099,27.487,26.47,26.421,20844.0,55174068.0,1.86107142857,-1.81386549946,-1.42803173404,4.02720060446,0.0409305703834,-0.212874980361,-0.233340265553,26.6429398671,26.8558148475,51.2515702273,62.4269634731,28.9007837356,-0.21768879889,0.00272460570187,-0.0214559864565,-0.312788585778
2018-05-14,25.922,26.381,26.092,25.723,15957.0,41635004.4,1.42473214286,-1.42803173404,1.90863099801,2.52184577648,-0.0123453068406,-0.241056082328,-0.234883428908,26.5581798876,26.7992359699,52.8607226034,59.2382165165,40.1057347771,-1.30161580269,0.132383345,0.0066133607563,0.0313971331801
2018-05-15,26.191,26.839,26.59,25.972,15646.0,41602714.0,1.39696428571,1.90863099801,-0.974050394885,3.26062429485,0.0227547347594,-0.220661719683,-0.232039087063,26.5630752895,26.7837370092,59.0005740078,59.159002347,58.6837173295,-2.84318908013,-0.0846042234155,-0.0121095892467,0.116151484543
2018-05-16,26.62,26.909,26.331,26.251,14036.0,36958191.6,1.25321428571,-0.974050394885,-1.47734609396,2.49895560366,0.0147352823082,-0.22282953562,-0.230197176774,26.5273713988,26.7502009344,43.3864009089,53.9014685343,22.3562656583,-0.352430056249,0.00982415953333,-0.00793793111258,-0.264644426964
2018-05-17,26.062,26.331,25.942,25.922,10604.0,27508896.8,0.946785714286,-1.47734609396,1.42240382391,1.57659394033,-0.0365164179834,-0.253019938014,-0.234761729022,26.4373142605,26.6903341985,30.5542591227,46.1190653971,-0.575353426145,-3.47816208876,0.135486538217,0.0198288802317,-0.295764145388
2018-05-18,26.121,26.49,26.311,25.922,11740.0,30889114.0,1.04821428571,1.42240382391,2.00676523127,2.15879290031,-0.0153477482043,-0.24435407165,-0.236680197548,26.4178812974,26.662235369,43.1981445794,45.1454251245,39.3035834892,-0.579702800771,-0.0342497371236,0.00817198158119,0.413817445417
2018-05-21,26.401,26.899,26.839,26.121,22656.0,60806438.4,2.02285714286,2.00676523127,1.52390178472,2.89876672007,0.0704319075868,-0.192660255306,-0.227876209099,26.4826687901,26.6753290454,59.5614022989,49.9507508493,78.782705198,-5.58907109038,-0.211552915795,-0.0371978244888,0.378795382968
2018-05-22,26.839,27.268,27.248,26.67,38881.0,105942948.8,3.47151785714,1.52390178472,-1.90105695831,2.19465648855,0.176862633834,-0.117337062953,-0.20576837987,26.6004120531,26.7177491161,71.9261076641,57.2758697876,101.226583417,1.51111520181,-0.390963835447,-0.097016837855,0.20759594113
2018-05-23,27.747,27.886,26.73,26.67,44527.0,119020671.0,3.975625,-1.90105695831,-2.79835390947,4.54919566031,0.17193672199,-0.0983079286263,-0.184276289621,26.6203486604,26.718656589,49.5954752849,54.7157382867,39.3549492812,-0.0278516255054,-0.162174967126,-0.10444797331,-0.310466298045
2018-05-24,26.072,26.6,25.982,25.424,33078.0,85943259.6,2.95339285714,-2.79835390947,-1.72811946732,4.52621045339,0.0677248472421,-0.141948260095,-0.175810683716,26.5221411741,26.6640894342,48.8799767205,52.7704844313,41.098961299,-0.606105976326,0.443914667704,-0.0459397458168,-0.0144266903429
2018-05-25,25.922,25.922,25.533,25.414,19550.0,49917015.0,1.74553571429,-1.72811946732,-1.36685857518,1.98958210943,-0.0552459825529,-0.210339422812,-0.182716431535,26.3699656089,26.5803050317,40.3950500971,48.6453396532,23.8944709849,-1.81574170785,0.481803459027,0.0392794548838,-0.173586961219
2018-05-28,25.872,25.872,25.184,25.134,12530.0,31555552.0,1.11875,-1.36685857518,0.158831003812,2.93043202033,-0.17063877832,-0.289365667985,-0.204046278825,26.1875093614,26.4768750294,29.188389315,42.1596895405,3.24578886398,2.0887092678,0.375708196385,0.116737433578,-0.277426584574
2018-05-29,25.164,25.573,25.224,25.114,9740.0,24568176.0,0.869642857143,0.158831003812,-8.81303520457,1.81969552807,-0.225193665394,-0.344792319697,-0.232195487,26.0392771519,26.3840694716,27.4473067474,37.2555619428,7.83079635659,0.319709784679,0.1915453623,0.13795501852,-0.0596498336653
2018-05-30,24.526,24.925,23.001,22.831,21645.0,49785664.5,1.93258928571,-8.81303520457,0.99560888657,9.10395200209,-0.527082157121,-0.5616218352,-0.29808075664,25.5718498978,26.133471733,21.0043490382,31.8384909746,-0.66393483455,1.3405727519,0.628869911298,0.283749139536,-0.234739159236
2018-05-31,22.981,23.42,23.23,22.881,12733.0,29578759.0,1.136875,0.99560888657,-0.473525613431,2.32027550581,-0.654005916798,-0.706834454638,-0.379831496239,25.2115652981,25.9183997528,35.5860780848,33.087686678,40.5828608985,0.240804508295,0.258559426177,0.274257018539,0.694224278034
2018-06-01,23.23,23.719,23.12,22.991,11015.0,25466680.0,0.983482142857,-0.473525613431,-1.7214532872,3.14878892734,-0.706389383134,-0.821324860698,-0.468130169131,24.8897860215,25.7111108822,29.6306454632,31.9353396064,25.0212571767,0.0800963186881,0.16197626659,0.232468012174,-0.167352879053
2018-06-04,23.23,23.41,22.722,22.632,11790.0,26789238.0,1.05267857143,-1.7214532872,1.31590529003,3.42399436669,-0.744455379891,-0.933414781563,-0.561187091618,24.5562804797,25.4896952613,23.6098047732,29.1601613287,12.5090916623,0.0538881212912,0.136474525768,0.198784288266,-0.203196406823
2018-06-05,22.632,23.031,23.021,22.632,11440.0,26336024.0,1.02142857143,1.31590529003,0.0825333391251,1.73320012163,-0.68089339388,-0.986745462793,-0.646298765853,24.3200834828,25.3068289456,48.2377812941,35.5193679838,73.6746079146,-0.0853805180642,0.05713502966,0.151663635009,1.04312495412
2018-06-06,23.13,23.31,23.04,22.9,9573.0,22056192.0,0.854732142857,0.0825333391251,-4.03645833333,1.77951388889,-0.591150979432,-1.015768128,-0.720192638282,24.1231475624,25.1389156904,43.5406346839,38.1931235505,54.2356569506,-0.131800976856,0.0294125144725,0.114333921606,-0.097374847769
2018-06-07,23.05,23.25,22.11,21.92,15462.0,34186482.0,1.38053571429,-4.03645833333,-6.15106286748,6.01537765717,-0.609482198563,-1.10111901238,-0.796377913102,23.8134325528,24.9145515652,33.7889945511,36.7250805507,27.916822552,0.031009369465,0.084025952413,0.105784578696,-0.223966421333
2018-06-08,22.27,22.27,20.75,20.03,33189.0,68867175.0,2.96330357143,-6.15106286748,10.0240963855,10.7951807229,-0.748084982356,-1.26393102707,-0.889888535896,23.342135237,24.6060662641,33.2402820817,35.563481061,28.5938841231,0.227410717031,0.147860506321,0.11741990989,-0.0162393843534
2018-06-11,20.7,22.83,22.83,20.6,33937.0,77478171.0,3.03008928571,10.0240963855,2.54051686378,9.76784932107,-0.514035301813,-1.21116059953,-0.954142948623,23.2633452005,24.4745058001,55.4935213878,42.2068278366,82.0669084902,-0.312865096965,-0.0417510342056,0.0722050123524,0.669466018712
2018-06-12,23.0,24.66,23.41,22.78,61845.0,144779145.0,5.521875,2.54051686378,0.0854335753951,8.03075608714,-0.248964948126,-1.1097460412,-0.985263567139,23.2859074774,24.3956535186,48.1658936912,44.1931831215,56.1113148305,-0.515665661,-0.0837333697669,0.0326163061423,-0.132044741681
2018-06-13,23.38,23.98,23.43,22.6,35746.0,83752878.0,3.19160714286,0.0854335753951,0.512163892446,5.88988476312,-0.0492552054304,-1.01604807053,-0.991420467818,23.3080755578,24.3241236283,52.1589049729,46.8484237386,62.7798674414,-0.802160079959,-0.084431903508,0.00624898847795,0.0829012185945
2018-06-14,23.25,23.77,23.55,23.0,25434.0,59897070.0,2.27089285714,0.512163892446,-1.23142250531,3.26963906582,0.111894453165,-0.921486434589,-0.977433661172,23.3452947027,24.2667811373,58.5821271248,50.7596582007,74.227064973,-3.27172848408,-0.0930680729445,-0.0141078453589,0.123147181776
2018-06-15,23.51,23.53,23.26,22.86,20637.0,48001662.0,1.84258928571,-1.23142250531,-10.0171969046,2.88048151333,0.187842152266,-0.860032316006,-0.953953392139,23.3321724408,24.1922047568,58.9552489289,53.4915217768,69.8827032333,0.678744092778,-0.0666902043012,-0.0240223658811,0.00636920887816
2018-06-19,22.9,22.9,20.93,20.93,24939.0,52197327.0,2.22669642857,-10.0171969046,2.62780697563,9.41232680363,-0.054398588731,-0.987952510096,-0.96075321573,22.9626074499,23.95055996,39.303499286,48.7621809465,20.3861359649,-1.28959734583,0.148738822611,0.00712804592699,-0.333333333333
2018-06-20,20.88,21.6,21.48,19.6,29156.0,62627088.0,2.60321428571,2.62780697563,-6.98324022346,9.31098696462,-0.115661290742,-1.03304152244,-0.975210877073,22.7345139961,23.7675555185,57.5356661906,51.6866760279,69.2336465162,1.12618182641,0.0456388458835,0.0150482570405,0.463881517827
2018-06-21,20.98,21.37,19.98,19.84,19944.0,39848112.0,1.78071428571,-6.98324022346,-0.2002002002,7.65765765766,-0.321667778148,-1.17625323842,-1.01541934934,22.310742612,23.4869958505,41.4072197262,48.260190594,27.7012779907,1.78111869653,0.138631132302,0.0412305412233,-0.280320843266
2018-06-22,19.67,20.45,19.94,18.96,13462.0,26843228.0,1.20196428571,-0.2002002002,-0.200601805416,7.47241725176,-0.420516941327,-1.27824243767,-1.06798396701,21.9460129794,23.2242554171,49.528750511,48.6830438997,51.2201637337,0.307302036118,0.0867068382251,0.0517664132557,0.19613803676
2018-06-25,20.06,20.59,19.9,19.8,13386.0,26638140.0,1.19517857143,-0.200601805416,3.16582914573,3.96984924623,-0.446061690016,-1.34677252327,-1.12374167826,21.6312417518,22.9780142751,37.23857629,44.8682213631,21.9792861439,0.060746063188,0.0536127447948,0.0522083785661,-0.248142222329
2018-06-26,19.3,20.57,20.53,19.06,18558.0,38099574.0,1.65696428571,3.16582914573,-2.1919142718,7.35509011203,-0.337789219573,-1.33485994049,-1.16596533071,21.4618199438,22.7966798843,57.2760486525,49.0041637929,73.8198183717,-0.242729812639,-0.00884528201237,0.0375741625176,0.538083738928
2018-06-27,20.45,20.71,20.08,20.06,12647.0,25395176.0,1.12919642857,-2.1919142718,-3.38645418327,3.23705179283,-0.288394794348,-1.34621207717,-1.20201468,21.2492322602,22.5954443374,39.2096734607,45.7393336822,26.1503530176,-0.146228542426,0.00850436539177,0.0309180284732,-0.315426353893
2018-06-28,20.04,20.3,19.4,19.2,15462.0,29996280.0,1.38053571429,-3.38645418327,2.26804123711,5.67010309278,-0.307192139882,-1.39400976743,-1.24041369748,20.9647349894,22.3587447568,32.2003883677,41.2263519107,14.1484612818,0.0651792123239,0.0355053197506,0.0319455478574,-0.178764179201
2018-06-29,19.4,19.99,19.84,19.0,17535.0,34789440.0,1.565625,2.26804123711,1.36088709677,4.98991935484,-0.224093658343,-1.38047223395,-1.26842540478,20.7916988372,22.1721710711,49.7497538613,44.0674858942,61.1142897955,-0.270509790944,-0.00971121852452,0.0225825523772,0.545004777371
2018-07-02,20.06,20.48,20.11,19.7,16139.0,32455529.0,1.44098214286,1.36088709677,1.93933366484,3.87866732969,-0.102672257081,-1.33259556545,-1.28125943691,20.686822093,22.0194176584,50.6878700956,46.274280628,59.5150490307,-0.541833277029,-0.0346813701269,0.0101180819044,0.0188567010177
2018-07-03,20.2,20.55,20.5,19.43,18706.0,38347300.0,1.67017857143,1.93933366484,-3.46341463415,5.46341463415,0.0519543474885,-1.24878796973,-1.27476514348,20.6580802325,21.9068682023,65.6371514923,52.7285709161,91.4543126447,-1.50602128526,-0.0628904957315,-0.00506867949531,0.294928182394
2018-07-04,20.45,20.45,19.79,19.65,13856.0,27421024.0,1.23714285714,-3.46341463415,-3.84032339565,4.04244567964,0.0787702732145,-1.22553372272,-1.26491885933,20.5245294275,21.7500631502,49.5914343282,51.6828587201,45.4085855443,0.51614401917,-0.018621453424,-0.00772399857511,-0.244460900561
2018-07-05,19.79,19.95,19.03,18.95,12498.0,23783694.0,1.11589285714,-3.84032339565,0.157645822386,5.25486074619,0.0175099066398,-1.25397516768,-1.262730121,20.2946018233,21.548576991,35.7276228855,46.3644467752,14.4539751059,-0.777709205196,0.0232073948111,-0.00173033891766,-0.279560606192
2018-07-06,18.88,19.48,19.06,18.77,11986.0,22845316.0,1.07017857143,0.157645822386,2.15110178384,3.72507869885,0.00504839622878,-1.25957487335,-1.26209907147,20.1046630812,21.3642379546,37.4334387312,43.3874440939,25.5254280057,-0.711683429693,0.00446556345073,-0.000499750119289,0.0477450137436
2018-07-09,19.03,19.52,19.47,19.0,13960.0,27180120.0,1.24642857143,2.15110178384,1.07858243451,2.67077555213,0.072316234623,-1.21690142483,-1.25305954214,20.0070226072,21.223924032,55.083830949,47.2862397122,70.6790134224,13.324595643,-0.0338792472189,-0.00716229774052,0.471514047763
2018-07-10,19.47,19.69,19.68,19.2,12778.0,25147104.0,1.14089285714,1.07858243451,-2.79471544715,2.48983739837,0.160338704137,-1.15284785205,-1.23301720412,19.9567114369,21.1095592889,69.3756151905,54.6493648717,98.8281158281,1.21718822852,-0.0526366158073,-0.0159947211949,0.259455161257
2018-07-11,19.44,19.44,19.13,18.8,15870.0,30359310.0,1.41696428571,-2.79471544715,2.77051751176,3.34553058024,0.159387197707,-1.13340020555,-1.21309380441,19.829525062,20.9629252675,63.437910127,57.5788799568,75.1559704674,-0.00593435274702,-0.0168692221303,-0.0161582495742,-0.0855877824966
2018-07-12,19.02,19.8,19.66,19.02,17165.0,33746390.0,1.53258928571,2.77051751176,-1.42421159715,3.96744659207,0.24020128459,-1.06296800154,-1.18306864383,19.8034442832,20.8664122847,69.6423674351,61.6000424495,85.7270174062,0.507029975088,-0.0621423956606,-0.0247508976344,0.0978036208267
2018-07-13,19.71,19.8,19.38,19.23,12417.0,24064146.0,1.10866071429,-1.42421159715,3.61197110423,2.94117647059,0.264095970626,-1.01800866219,-1.15005664751,19.7382990089,20.7563076711,55.2001747813,59.4667532268,46.6670178903,0.099477761228,-0.0422960421016,-0.0279037032215,-0.207376532213
2018-07-16,18.89,20.77,20.08,18.89,26423.0,53057384.0,2.35919642857,3.61197110423,10.0099601594,9.3625498008,0.37554277294,-0.915342414419,-1.10311380089,19.7908683921,20.7062108065,57.899407301,58.9443045849,55.8096127333,0.421993573208,-0.10085007288,-0.0408178559893,0.0488989850197
2018-07-17,19.9,22.09,22.09,19.72,84861.0,187457949.0,7.576875,10.0099601594,-0.135808057945,10.7288365776,0.702369661295,-0.664132762579,-1.01531759323,20.1445809472,20.8087137098,71.9329382007,63.2738491235,89.2511163551,0.870278732292,-0.274443364453,-0.0795894381805,0.242377798908
2018-07-18,22.5,23.48,22.06,21.86,102462.0,226031172.0,9.14839285714,-0.135808057945,-4.17044424297,7.34360834089,0.885082898523,-0.46214078165,-0.904682230911,20.4392608015,20.9014015831,52.0705184712,59.5394055727,37.1327442682,0.260138282299,-0.304143978901,-0.108966261447,-0.276124126531
2018-07-19,21.21,21.51,21.14,20.88,50598.0,106964172.0,4.51767857143,-4.17044424297,-0.473036896878,2.98013245033,0.8522776368,-0.372008707912,-0.798147526311,20.547066832,20.9190755399,48.4702927374,55.8497012943,33.7114756237,-0.0370646204756,-0.195031638231,-0.117759253979,-0.0691413459957
2018-07-20,20.93,21.17,21.04,20.54,32132.0,67605728.0,2.86892857143,-0.473036896878,-0.950570342205,2.99429657795,0.788827716777,-0.305130203326,-0.699544061714,20.622902704,20.9280329073,58.7685549466,56.8226525117,62.6603598165,-0.074447477304,-0.179776718028,-0.123540399922,0.212465442802
2018-07-23,20.0,21.21,20.84,19.9,31550.0,65750200.0,2.81696428571,-0.950570342205,0.335892514395,6.28598848369,0.694935037579,-0.265209663227,-0.612677182017,20.656302288,20.9215119512,63.0976116947,58.9143055727,71.4642239387,-0.119028118817,-0.130831165395,-0.124176423547,0.0736628074656
2018-07-24,20.66,21.08,20.91,20.42,27841.0,58215531.0,2.48580357143,0.335892514395,0.860832137733,3.15638450502,0.619761077037,-0.225326508869,-0.535207047387,20.6953327052,20.9206592141,66.8125492106,61.547053452,77.3435407278,-0.108174083154,-0.15038348857,-0.126445274777,0.0588760400929
2018-07-25,20.81,21.11,21.09,20.35,34792.0,73376328.0,3.10642857143,0.860832137733,-1.28022759602,3.6036036036,0.572887715119,-0.177152225438,-0.463596082997,20.7560507506,20.933202976,76.9978398246,66.6973155762,97.5988883214,-0.0756313419078,-0.213797673751,-0.133800488501,0.152445771556
2018-07-26,20.97,21.45,20.82,20.8,30384.0,63259488.0,2.71285714286,-1.28022759602,-2.353506244,3.12199807877,0.487468174808,-0.158928473743,-0.402662561146,20.7658890966,20.9248175704,52.3575342421,61.9173884648,33.2378257965,-0.149103459642,-0.102870577271,-0.1314366624,-0.32001294632
2018-07-27,20.36,20.66,20.33,20.27,18029.0,36652957.0,1.60973214286,-2.353506244,-3.93507132317,1.91834727004,0.353175659442,-0.181927773995,-0.358515603716,20.6988292356,20.8807570096,40.0332279562,54.6226682953,10.8543472781,-0.275489811041,0.14471478717,-0.10963760153,-0.235387446415
2018-07-30,20.34,20.4,19.53,19.43,18529.0,36187137.0,1.654375,-3.93507132317,0.512032770097,4.96671786994,0.154918435366,-0.261691581612,-0.339150799295,20.5190093532,20.7807009348,30.1252447543,46.4568604483,-2.53798663363,-0.561355854446,0.438436671132,-0.0540138399,-0.247493987063
2018-07-31,19.78,20.04,19.63,19.58,10004.0,19637852.0,0.893214285714,0.512032770097,0.866021395823,2.34335201223,0.0414810467855,-0.313225145055,-0.333965668447,20.3822386835,20.6954638285,23.7066849087,38.8734686018,-6.62688247748,-0.732239441436,0.196924804094,-0.015288570332,-0.213062496188
2018-08-01,19.92,20.97,19.8,19.8,19261.0,38136780.0,1.71973214286,0.866021395823,-5.10101010101,5.90909090909,-0.0040064075466,-0.336469673164,-0.334466469391,20.2926635014,20.6291331746,15.8044566058,31.1837979364,-14.9542260555,-1.0965840512,0.0742102876361,0.00149955816013,-0.333333333333
2018-08-02,19.45,19.7,18.79,17.82,20051.0,37675829.0,1.79026785714,-5.10101010101,-3.35284725918,10.0053219798,-0.155120187177,-0.431416586376,-0.353856492788,20.0614845012,20.4929010876,27.7348859641,30.0341606123,23.1363366677,37.7180249069,0.282185649361,0.0579729963138,0.754877542198
2018-08-03,18.75,18.75,18.16,18.0,13030.0,23662480.0,1.16339285714,-3.35284725918,-0.441,4.12995594714,-0.315661892364,-0.551145175515,-0.393314229333,19.7689484241,20.3200935996,25.6010350872,28.556452104,19.6902010537,1.03495043495,0.277524306946,0.111507736469,-0.0769374310641
2018-08-06,18.16,18.49,18.08,18.01,1203000.0,21925968.0,1.07429,-0.441,2.821,2.65486725664,-0.402778089647,-0.645050535363,-0.443661490539,19.509110205,20.1541607404,21.9284678359,26.3471240146,13.0911554785,0.170382258649,-0.14345385797,0.275979455838,0.128007728811
2018-08-07,18.15,18.6,18.59,18.12,1427000.0,26172906.0,1.27432,2.821,2.821,2.58203335126,-0.363082970101,-0.670588346852,-0.489046861802,19.367708635,20.0382969819,47.2578674462,33.3173718251,75.1388586882,0.0395904042998,1.15509208394,-0.0985533239438,0.102297296994
2018-08-08,18.15,18.6,18.59,18.12,1427000.0,26172906.0,1.27432,2.821,2.821,2.58203335126,-0.310252335179,-0.682954571289,-0.527828403699,19.2480611527,19.931015724,64.144133853,43.5929591677,105.246483224,0.018440857935,0.357321803106,-0.145505681268,0.0793002571462
2018-08-09,18.15,18.6,18.59,18.12,1427000.0,26172906.0,1.27432,2.821,2.821,2.58203335126,-0.251250954985,-0.684860250564,-0.559234773072,19.1468209754,19.8316812259,75.4016447909,54.1958543754,117.813225622,0.00279034558886,0.17550335879,-0.190172235643,0.0595010976162
